DS_CARGO;SQ_CANDIDATO;NR_CANDIDATO;NM_CANDIDATO;NR_PARTIDO;SG_PARTIDO;NM_PARTIDO;DS_SIT_TOT_TURNO;SOMA_QT_VOTOS_NOMINAIS_VALIDOS
Vereador;250001973467;22022;LUCAS PAVANATO DE OLIVEIRA;22;PL;Partido Liberal;ELEITO POR QP;161386
Vereador;250001933068;20000;ANA CAROLINA CUNHA DE OLIVEIRA FRANCOMANO;20;PODE;Podemos;ELEITO POR QP;129563
Vereador;250002174669;11111;MURILLO DE OLIVEIRA LIMA;11;PP;PROGRESSISTAS;ELEITO POR QP;113820
Vereador;250002174684;11190;ISRAEL NANTES SANTOS;11;PP;PROGRESSISTAS;ELEITO POR QP;112484
Vereador;250002052119;50700;AMANDA MARQUES PASCHOAL;50;PSOL;Partido Socialismo e Liberdade;ELEITO POR QP;108654
Vereador;250001881809;44555;RUBENS ALBERTO GATTI NUNES;44;UNIÃO;União Brasil;ELEITO POR QP;101549
Vereador;250001913956;13131;LUNA ZARATTINI BRANDÃO;13;PT;Partido dos Trabalhadores;ELEITO POR QP;100921
Vereador;250002052116;50500;LUANA DOS SANTOS ALVES SILVA;50;PSOL;Partido Socialismo e Liberdade;ELEITO POR QP;83262
Vereador;250001973486;22555;SANDRA REGINA CARBONE TADEU MUDALEN;22;PL;Partido Liberal;ELEITO POR QP;74511
Vereador;250001881830;44000;SANDRA APARECIDA DE SOUZA ALVES;44;UNIÃO;União Brasil;ELEITO POR QP;74192
Vereador;250001881805;44111;SILVIO ANTONIO DE AZEVEDO;44;UNIÃO;União Brasil;ELEITO POR QP;63988
Vereador;250001973481;22678;ISAC FELIX DOS SANTOS;22;PL;Partido Liberal;ELEITO POR QP;62275
Vereador;250001973518;22522;ZOE MARIA FERNANDEZ MARTINEZ;22;PL;Partido Liberal;ELEITO POR QP;60272
Vereador;250002161318;55800;RODRIGO HAYASHI GOULART;55;PSD;Partido Social Democrático;ELEITO POR QP;58715
Vereador;250001933054;20123;DANILO ERRERIA CORTEZ DE SOUZA;20;PODE;Podemos;ELEITO POR QP;58676
Vereador;250001933051;20200;GABRIEL MARQUES DE OLIVEIRA MELO;20;PODE;Podemos;ELEITO POR QP;58581
Vereador;250002161322;55123;EDIR SALES;55;PSD;Partido Social Democrático;ELEITO POR QP;58190
Vereador;250001913934;13699;ALESSANDRO GUEDES DOS SANTOS;13;PT;Partido dos Trabalhadores;ELEITO POR QP;58183
Vereador;250002052111;50789;CELSO LUIS GIANNASI;50;PSOL;Partido Socialismo e Liberdade;ELEITO POR QP;57789
Vereador;250002079329;30000;CRISTINA PEREIRA MONTEIRO;30;NOVO;Partido Novo;ELEITO POR QP;56904
Vereador;250001881810;44250;SILVIO RICARDO PEREIRA DOS SANTOS;44;UNIÃO;União Brasil;ELEITO POR QP;53453
Vereador;250002161326;55000;THAMMY BRITO DE MIRANDA E SILVA;55;PSD;Partido Social Democrático;ELEITO POR MÉDIA;50234
Vereador;250001913953;13633;NABIL GEORGES BONDUKI;13;PT;Partido dos Trabalhadores;ELEITO POR QP;49540
Vereador;250002174677;11500;JANAINA CONCEIÇÃO PASCHOAL;11;PP;PROGRESSISTAS;ELEITO POR QP;48893
Vereador;250001962464;15780;FABIO RIVA DOS SANTOS;15;MDB;Movimento Democrático Brasileiro;ELEITO POR QP;44627
Vereador;250002174662;11000;MARCOS DAS NEVES PALUMBO;11;PP;PROGRESSISTAS;ELEITO POR MÉDIA;43455
Vereador;250001973490;22000;RUTE FREIRE DA COSTA SILVA;22;PL;Partido Liberal;ELEITO POR QP;43090
Vereador;250001962497;15002;SIDNEY LUIZ DA CRUZ;15;MDB;Movimento Democrático Brasileiro;ELEITO POR QP;42988
Vereador;250001962472;15622;GEORGE VATUTIN HATO;15;MDB;Movimento Democrático Brasileiro;ELEITO POR QP;42837
Vereador;250001977569;10300;SANSÃO PEREIRA FILHO;10;REPUBLICANOS;REPUBLICANOS;ELEITO POR QP;42229
Vereador;250001977564;10456;ANDRÉ LUIZ SANTOS ESTEVES;10;REPUBLICANOS;REPUBLICANOS;ELEITO POR MÉDIA;41379
Vereador;250001913948;13900;HÉLIO RODRIGUES DE ANDRADE;13;PT;Partido dos Trabalhadores;ELEITO POR QP;40753
Vereador;250001881822;44333;AMANDA VETTORAZZO CARNEIRO;44;UNIÃO;União Brasil;ELEITO POR QP;40144
Vereador;250001962471;15000;MARCELO MESSIAS DOS SANTOS COSTA;15;MDB;Movimento Democrático Brasileiro;ELEITO POR QP;40079
Vereador;250002052100;18000;MARINA AMADEU BATISTA BRAGANTE;18;REDE;Rede Sustentabilidade;ELEITO POR QP;39147
Vereador;250001913972;43666;JOSÉ ROBERTO NAZELLO DE ALVARENGA TRIPOLI;43;PV;Partido Verde;ELEITO POR QP;39039
Vereador;250001933095;20010;SIMONE DO CARMO NAVARRO;20;PODE;Podemos;ELEITO POR QP;38540
Vereador;250001962510;15456;SANDRA CRISTINA LEITE SANTANA;15;MDB;Movimento Democrático Brasileiro;ELEITO POR QP;38326
Vereador;250002161330;55777;CARLOS ALBERTO DE QUADROS BEZERRA JÚNIOR;55;PSD;Partido Social Democrático;SUPLENTE;37571
Vereador;250001962465;15015;JOAO JORGE DE SOUZA;15;MDB;Movimento Democrático Brasileiro;ELEITO POR QP;36296
Vereador;250001962463;15151;ELINALVA ORTEGAS ESTANISLAU;15;MDB;Movimento Democrático Brasileiro;ELEITO POR MÉDIA;35622
Vereador;250001962503;15555;PAULO JESUS FRANGE;15;MDB;Movimento Democrático Brasileiro;SUPLENTE;35338
Vereador;250002052106;50650;ANTÔNIO BIAGIO VESPOLI;50;PSOL;Partido Socialismo e Liberdade;ELEITO POR QP;34735
Vereador;250002052107;50900;SILVIA ANDREA FERRARO;50;PSOL;Partido Socialismo e Liberdade;ELEITO POR QP;34537
Vereador;250001973520;22222;SONAIRA FERNANDES DE SANTANA SOUZA;22;PL;Partido Liberal;ELEITO POR QP;33957
Vereador;250001933064;20500;MILTON FERREIRA DA SILVA;20;PODE;Podemos;ELEITO POR QP;33493
Vereador;250001913931;13644;JOÃO ANANIAS MOREIRA SILVA;13;PT;Partido dos Trabalhadores;ELEITO POR QP;33225
Vereador;250001933078;20100;MÁRCIO KENJI ITO;20;PODE;Podemos;ELEITO POR MÉDIA;32495
Vereador;250001881793;44156;RICARDO TEIXEIRA;44;UNIÃO;União Brasil;ELEITO POR QP;31566
Vereador;250001913946;13114;JAIR  JOSE TATTO;13;PT;Partido dos Trabalhadores;ELEITO POR QP;30905
Vereador;250002034102;40123;ELISEU GABRIEL DE PIERI;40;PSB;Partido Socialista Brasileiro;ELEITO POR QP;30706
Vereador;250001977588;10123;ANDRE JOSE DE SOUZA;10;REPUBLICANOS;REPUBLICANOS;SUPLENTE;30656
Vereador;250001913963;13110;DHEISON RENAN SILVA;13;PT;Partido dos Trabalhadores;ELEITO POR QP;30575
Vereador;250001913942;13800;SENIVAL PEREIRA DE MOURA;13;PT;Partido dos Trabalhadores;ELEITO POR MÉDIA;30480
Vereador;250001962493;15400;FRANCISCO NUNES SOBRINHO;15;MDB;Movimento Democrático Brasileiro;SUPLENTE;30385
Vereador;250001913973;13613;MANOEL DEL RIO BLAS FILHO;13;PT;Partido dos Trabalhadores;SUPLENTE;30292
Vereador;250002034110;40400;RENATA FALZONI;40;PSB;Partido Socialista Brasileiro;ELEITO POR QP;30206
Vereador;250001913940;65123;CLAUDIO GOMES FONSECA;65;PC do B;Partido Comunista do Brasil;SUPLENTE;29782
Vereador;250001913968;13696;ARSELINO ROQUE TATTO;13;PT;Partido dos Trabalhadores;SUPLENTE;29105
Vereador;250002161323;55551;AURÉLIO NOMURA;55;PSD;Partido Social Democrático;SUPLENTE;28216
Vereador;250002052115;50300;KEITCHELE LIMA DA SILVA;50;PSOL;Partido Socialismo e Liberdade;ELEITO POR MÉDIA;27769
Vereador;250001913941;13700;JOSÉ GERALDO ARAÚJO;13;PT;Partido dos Trabalhadores;SUPLENTE;27186
Vereador;250001913932;13333;VANILDA DA ANUNCIACAO PEREIRA SANTOS;13;PT;Partido dos Trabalhadores;SUPLENTE;26097
Vereador;250001962470;15123;MARLON FARIAS DA LUZ;15;MDB;Movimento Democrático Brasileiro;SUPLENTE;25847
Vereador;250001881806;44011;ADRILLES REIS JORGE;44;UNIÃO;União Brasil;ELEITO POR MÉDIA;25038
Vereador;250001881811;44200;ADILSON ARMANDO CARVALHO AMADEU;44;UNIÃO;União Brasil;SUPLENTE;24759
Vereador;250001881803;44777;ANTONIO ELI CORREA;44;UNIÃO;União Brasil;SUPLENTE;24561
Vereador;250001881827;44013;GUILHERME CORREA FILHO;44;UNIÃO;União Brasil;SUPLENTE;24042
Vereador;250002052101;50110;DEBORA PEREIRA DE LIMA;50;PSOL;Partido Socialismo e Liberdade;SUPLENTE;23660
Vereador;250002034092;40000;EDSON RODRIGUES;40;PSB;Partido Socialista Brasileiro;SUPLENTE;23325
Vereador;250001962474;15777;LUCAS SANTOS SORRILLO;15;MDB;Movimento Democrático Brasileiro;SUPLENTE;22897
Vereador;250001973504;22200;GILBERTO NASCIMENTO SILVA JUNIOR;22;PL;Partido Liberal;ELEITO POR MÉDIA;22306
Vereador;250002079324;30777;RAPHAEL PEREIRA LIMA;30;NOVO;Partido Novo;SUPLENTE;21707
Vereador;250001881808;44244;RINALDI CESAR DIGILIO;44;UNIÃO;União Brasil;SUPLENTE;21183
Vereador;250001881835;44123;ROBERTO MONTEIRO DE ANDRADE JUNIOR;44;UNIÃO;União Brasil;SUPLENTE;20828
Vereador;250002003109;20096;LUIZ SCALEA;20;PODE;Podemos;SUPLENTE;20638
Vereador;250002052127;50000;CAROLINA IARA RAMOS DE OLIVEIRA;50;PSOL;Partido Socialismo e Liberdade;SUPLENTE;20431
Vereador;250001913950;13310;IVONE MARIA DA SILVA;13;PT;Partido dos Trabalhadores;SUPLENTE;18878
Vereador;250001962514;15600;GILSON ALMEIDA BARRETO;15;MDB;Movimento Democrático Brasileiro;SUPLENTE;18626
Vereador;250001881816;44999;RENATO DE SOUZA BATTISTA;44;UNIÃO;União Brasil;SUPLENTE;18453
Vereador;250001933059;20007;PAULO SERGIO ABOU ANNI;20;PODE;Podemos;SUPLENTE;17943
Vereador;250001881826;44222;ANDRÉ BEZERRA RIBEIRO SOARES;44;UNIÃO;União Brasil;SUPLENTE;17756
Vereador;250001962498;15900;ALINE NASCIMENTO BARROZO TORRES;15;MDB;Movimento Democrático Brasileiro;SUPLENTE;17724
Vereador;250001881796;44077;DIRCEU GOMES CARAMASCHI;44;UNIÃO;União Brasil;SUPLENTE;17224
Vereador;250002029355;77000;CARLOS EDUARDO BATISTA FERNANDES;77;SOLIDARIEDADE;Solidariedade;NÃO ELEITO;16871
Vereador;250001962505;15200;CAIO VINICIUS DE MOURA LUZ;15;MDB;Movimento Democrático Brasileiro;SUPLENTE;16718
Vereador;250001881820;44800;NISE HITOMI YAMAGUCHI;44;UNIÃO;União Brasil;SUPLENTE;16554
Vereador;250002161333;55055;AHMED MOHAMAD OLIVEIRA ANDRADE;55;PSD;Partido Social Democrático;SUPLENTE;16550
Vereador;250001881794;44001;BRUNO VINICIUS MONTEIRO DOS SANTOS;44;UNIÃO;União Brasil;SUPLENTE;15967
Vereador;250001962494;15011;LEO ÁQUILA;15;MDB;Movimento Democrático Brasileiro;SUPLENTE;15958
Vereador;250002161316;55555;MARCELO VIEIRA SALLES;55;PSD;Partido Social Democrático;SUPLENTE;15682
Vereador;250001913970;13777;CLAUDETE ALVES DA SILVA;13;PT;Partido dos Trabalhadores;SUPLENTE;15676
Vereador;250002052114;50020;ELAINE CRISTINA MINEIRO;50;PSOL;Partido Socialismo e Liberdade;SUPLENTE;15615
Vereador;250001913944;13130;ADRIANO DOS SANTOS;13;PT;Partido dos Trabalhadores;SUPLENTE;15493
Vereador;250001913966;13134;RAIMUNDO VIEIRA BONFIM;13;PT;Partido dos Trabalhadores;SUPLENTE;15235
Vereador;250001933056;20777;ALBERTO LUIZ DA SILVA;20;PODE;Podemos;SUPLENTE;15081
Vereador;250001933047;20900;CAIO HENRIQUE DE MELLO CLEMENTI;20;PODE;Podemos;SUPLENTE;15036
Vereador;250001881831;44440;JUAREZ PEREIRA DA SILVA;44;UNIÃO;União Brasil;SUPLENTE;15020
Vereador;250001933046;20222;MARCO ANTONIO BIOTO;20;PODE;Podemos;SUPLENTE;14993
Vereador;250001973516;22333;FELIPE MEDEIROS ARANTES;22;PL;Partido Liberal;SUPLENTE;14607
Vereador;250001881817;44100;CESAR ANGEL BOFFA DE AZEVEDO;44;UNIÃO;União Brasil;SUPLENTE;13432
Vereador;250001962516;15115;HENRIQUE GOMES DE LIMA;15;MDB;Movimento Democrático Brasileiro;SUPLENTE;12961
Vereador;250001977567;10401;NOEMI PEREIRA NONATO;10;REPUBLICANOS;REPUBLICANOS;SUPLENTE;12703
Vereador;250001962517;15150;ALEXANDRE BAPTISTA PIRES;15;MDB;Movimento Democrático Brasileiro;SUPLENTE;12701
Vereador;250001913982;13222;ADRIANO DIOGO;13;PT;Partido dos Trabalhadores;SUPLENTE;12648
Vereador;250001933089;20001;IOLANDA KEIKO MIASHIRO OTA;20;PODE;Podemos;SUPLENTE;12480
Vereador;250001973512;22900;FLAVIO GONÇALVES DA COSTA;22;PL;Partido Liberal;SUPLENTE;12438
Vereador;250001933098;20190;LUIZ PAULO MADALHANO MAGALHÃES;20;PODE;Podemos;SUPLENTE;12417
Vereador;250001933062;20300;DANIEL JOSÉ DA SILVA OLIVEIRA;20;PODE;Podemos;SUPLENTE;12348
Vereador;250002174685;11777;JANAINA CARLA DE LIMA;11;PP;PROGRESSISTAS;SUPLENTE;12215
Vereador;250001962513;15999;DALCIDES BATISTA DA SILVA NETO;15;MDB;Movimento Democrático Brasileiro;SUPLENTE;12102
Vereador;250002075147;25000;DIEGO LAUDANO ROCHA;25;PRD;Partido Renovação Democrática;NÃO ELEITO;11435
Vereador;250001913949;13100;JOSÉ AMÉRICO ASCÊNCIO DIAS;13;PT;Partido dos Trabalhadores;SUPLENTE;11358
Vereador;250002029382;77777;WALDIR JOSE SCHIAVON JUNIOR;77;SOLIDARIEDADE;Solidariedade;NÃO ELEITO;11302
Vereador;250001881807;44038;PAULO HUGENNEYER KOGOS;44;UNIÃO;União Brasil;SUPLENTE;11263
Vereador;250002079310;30300;RICARDO LUIS MELLÃO;30;NOVO;Partido Novo;SUPLENTE;10574
Vereador;250002052121;50123;SIMONE FERREIRA NASCIMENTO;50;PSOL;Partido Socialismo e Liberdade;SUPLENTE;10434
Vereador;250001913965;13663;SEBASTIÃO BEZERRA SOBRINHO;13;PT;Partido dos Trabalhadores;SUPLENTE;9784
Vereador;250002034084;40300;CARMEN DA SILVA FERREIRA;40;PSB;Partido Socialista Brasileiro;SUPLENTE;9781
Vereador;250002052084;50888;CHIRLEY MARIA DE SOUZA ALMEIDA SANTOS;50;PSOL;Partido Socialismo e Liberdade;SUPLENTE;9599
Vereador;250002034083;40122;ANTONIO DE SOUSA RAMALHO;40;PSB;Partido Socialista Brasileiro;SUPLENTE;9521
Vereador;250001881821;44022;DOUGLAS GARCIA BISPO DOS SANTOS;44;UNIÃO;União Brasil;SUPLENTE;9357
Vereador;250002034123;40555;YE YONG YONG;40;PSB;Partido Socialista Brasileiro;SUPLENTE;9267
Vereador;250001977607;10100;EDILAINE DANIEL CARVALHO;10;REPUBLICANOS;REPUBLICANOS;SUPLENTE;9203
Vereador;250002052102;50600;EDSON FRANCISCO DE SANTANA;50;PSOL;Partido Socialismo e Liberdade;SUPLENTE;9141
Vereador;250001913981;13156;LUCIANO BARBOSA DA SILVA;13;PT;Partido dos Trabalhadores;SUPLENTE;9087
Vereador;250002161336;55100;SILVIO ROBERTO DE OLIVEIRA;55;PSD;Partido Social Democrático;SUPLENTE;8918
Vereador;250001973465;22444;MANOEL BARBOSA DO NASCIMENTO;22;PL;Partido Liberal;SUPLENTE;8598
Vereador;250001962475;15363;LUIZ ALBERTO RAMOS SILVA;15;MDB;Movimento Democrático Brasileiro;SUPLENTE;8346
Vereador;250002052090;50111;NEON DOS AFONSO CUNHA;50;PSOL;Partido Socialismo e Liberdade;SUPLENTE;8224
Vereador;250001977585;10000;JORGE WILSON GONÇALVES DE MATTOS JUNIOR;10;REPUBLICANOS;REPUBLICANOS;SUPLENTE;7442
Vereador;250002171014;28000;ADRIANO DA COSTA E SILVA;28;PRTB;Partido Renovador Trabalhista Brasileiro;NÃO ELEITO;7401
Vereador;250002173922;12300;RODRIGO DORADO STARCK;12;PDT;Partido Democrático Trabalhista;NÃO ELEITO;7298
Vereador;250001973505;22247;CARLA SERRANO BILYNSKYJ;22;PL;Partido Liberal;SUPLENTE;6953
Vereador;250002170980;28033;ROBERTO DELBONE JUNIOR;28;PRTB;Partido Renovador Trabalhista Brasileiro;NÃO ELEITO;6760
Vereador;250002034101;40600;EDGAR FRANCISCO DA SILVA;40;PSB;Partido Socialista Brasileiro;SUPLENTE;6647
Vereador;250002029402;77888;RODRIGO CARLOS DE MORAIS;77;SOLIDARIEDADE;Solidariedade;NÃO ELEITO;6360
Vereador;250001933088;20112;RUBENS TELLES MARTINS;20;PODE;Podemos;SUPLENTE;6277
Vereador;250001977587;10600;FLEITAS FIDELES MONTEIRO;10;REPUBLICANOS;REPUBLICANOS;SUPLENTE;6196
Vereador;250001973492;22100;LUIZ JACINTO NEPOMUCENO NETO;22;PL;Partido Liberal;SUPLENTE;6100
Vereador;250001913936;43000;CLAUDIA VISONI;43;PV;Partido Verde;SUPLENTE;6006
Vereador;250002377226;45454;MARIO COVAS NETO;45;PSDB;Partido da Social Democracia Brasileira;NÃO ELEITO;5825
Vereador;250002052096;50910;DANILO ARAUJO VALDIVINO;50;PSOL;Partido Socialismo e Liberdade;SUPLENTE;5586
Vereador;250002052132;50050;LEONARDO DOS REIS ADORNO BECKER GRANDINI;50;PSOL;Partido Socialismo e Liberdade;SUPLENTE;5583
Vereador;250001913952;13789;AMANDA RODRIGUES ZANOTTI;13;PT;Partido dos Trabalhadores;SUPLENTE;5445
Vereador;250002075155;25800;JOSE ARIVALDO RODRIGUES;25;PRD;Partido Renovação Democrática;NÃO ELEITO;5439
Vereador;250001977596;10152;BRASIL FARIA DE SÁ JUNIOR;10;REPUBLICANOS;REPUBLICANOS;SUPLENTE;5274
Vereador;250002034121;40640;MAYARA OLIVEIRA TORRES DA SILVA;40;PSB;Partido Socialista Brasileiro;SUPLENTE;5093
Vereador;250002034115;40200;JOSE JAILSON DA SILVA;40;PSB;Partido Socialista Brasileiro;SUPLENTE;5042
Vereador;250001962481;15500;ARMANDO FERREIRO RODRIGUES;15;MDB;Movimento Democrático Brasileiro;SUPLENTE;4999
Vereador;250001973466;22700;ROBERTO FIGUEIRA MARINHO;22;PL;Partido Liberal;SUPLENTE;4987
Vereador;250001977570;10222;MARCO ANTÔNIO RICCIARDELLI;10;REPUBLICANOS;REPUBLICANOS;SUPLENTE;4801
Vereador;250001881815;44451;EDEMIR DE MELO;44;UNIÃO;União Brasil;SUPLENTE;4741
Vereador;250001881814;44888;PRISCILA MELCHICHI TAPIA;44;UNIÃO;União Brasil;SUPLENTE;4665
Vereador;250002029361;77008;PAULO MACHADO DA SILVA;77;SOLIDARIEDADE;Solidariedade;NÃO ELEITO;4656
Vereador;250002052130;50010;VINICIUS JORGE RIBEIRO LIMA;50;PSOL;Partido Socialismo e Liberdade;SUPLENTE;4643
Vereador;250001881798;44180;ZILU DE ALMEIDA GODOI CAMARGO;44;UNIÃO;União Brasil;SUPLENTE;4579
Vereador;250001881813;44380;RODOLFO FRANCISCO DE SOUZA;44;UNIÃO;União Brasil;SUPLENTE;4573
Vereador;250001933082;20999;RICARDO FABRÍZIO PACHECO DE OLIVEIRA;20;PODE;Podemos;SUPLENTE;4563
Vereador;250002173907;12333;RUBENS WAGNER CALVO;12;PDT;Partido Democrático Trabalhista;NÃO ELEITO;4544
Vereador;250001881824;44466;EDILENE MARTINS LURA;44;UNIÃO;União Brasil;SUPLENTE;4449
Vereador;250001933063;20140;LUIZ CARLOS DE PAULA;20;PODE;Podemos;SUPLENTE;4382
Vereador;250001913969;13555;CÉLIA APARECIDA ASSUMPÇÃO;13;PT;Partido dos Trabalhadores;SUPLENTE;4332
Vereador;250001913960;13000;ERIK CARLOS DA SILVA;13;PT;Partido dos Trabalhadores;SUPLENTE;4327
Vereador;250001881829;44500;HUMBERTO YUDI WATANABE;44;UNIÃO;União Brasil;SUPLENTE;4232
Vereador;250002146931;70777;JOSE DOMINGOS BITTENCOURT;70;AVANTE;AVANTE;NÃO ELEITO;4165
Vereador;250001962484;15215;JULIO CESAR FONSECA;15;MDB;Movimento Democrático Brasileiro;SUPLENTE;4142
Vereador;250001962477;15444;ROGÉRIO COELHO GRAFT;15;MDB;Movimento Democrático Brasileiro;SUPLENTE;4117
Vereador;250002064664;80000;LIGIA MENDES DA SILVA;80;UP;Unidade Popular;NÃO ELEITO;4095
Vereador;250002052097;50007;ELIAS PEREIRA FREITAS DA SILVA JÚNIOR;50;PSOL;Partido Socialismo e Liberdade;SUPLENTE;4093
Vereador;250001913939;13011;SANDRO ROGERIUS BARBOSA;13;PT;Partido dos Trabalhadores;SUPLENTE;3985
Vereador;250001933084;20020;MARCELO THEODORO DE AGUIAR;20;PODE;Podemos;SUPLENTE;3935
Vereador;250002174679;11011;MICHAEL DE ALMEIDA;11;PP;PROGRESSISTAS;SUPLENTE;3928
Vereador;250001913954;13325;RODRIGO JALLOUL;13;PT;Partido dos Trabalhadores;SUPLENTE;3880
Vereador;250001933061;20444;EWERTON DA SILVA CARVALHO;20;PODE;Podemos;SUPLENTE;3850
Vereador;250002173943;12555;ROBINSON FARINAZZO CASAL;12;PDT;Partido Democrático Trabalhista;NÃO ELEITO;3790
Vereador;250002161319;55190;SÉRGIO DE MOURA CAVALCANTI;55;PSD;Partido Social Democrático;SUPLENTE;3696
Vereador;250002034120;40040;JUSSARA BASSO DOS SANTOS;40;PSB;Partido Socialista Brasileiro;SUPLENTE;3653
Vereador;250002170995;28128;LIVIA MARIA RODRIGUES FIDELIX DA CRUZ;28;PRTB;Partido Renovador Trabalhista Brasileiro;NÃO ELEITO;3641
Vereador;250002173915;12345;JOSE ROBSON CORINGA BEZERRA;12;PDT;Partido Democrático Trabalhista;NÃO ELEITO;3634
Vereador;250001933090;20090;LUCIANO GALESCO;20;PODE;Podemos;SUPLENTE;3628
Vereador;250001977573;10550;SIBELI NICOLA PLACENCIA;10;REPUBLICANOS;REPUBLICANOS;SUPLENTE;3586
Vereador;250002146920;70888;ALESSANDRO RODRIGO SCARAFICCI CASTRO;70;AVANTE;AVANTE;NÃO ELEITO;3576
Vereador;250001977597;10888;DENISE LEANDRO DA CRUZ;10;REPUBLICANOS;REPUBLICANOS;SUPLENTE;3545
Vereador;250002034138;40500;LAURA HIROMI KAMIA;40;PSB;Partido Socialista Brasileiro;SUPLENTE;3529
Vereador;250001962499;15910;ERNESTO TEIXEIRA DA CUNHA;15;MDB;Movimento Democrático Brasileiro;SUPLENTE;3496
Vereador;250001933075;20111;RICARDO HOLZ VIDAL DOS SANTOS;20;PODE;Podemos;SUPLENTE;3494
Vereador;250002173947;12012;RICARDO JORGE MUTRAN;12;PDT;Partido Democrático Trabalhista;NÃO ELEITO;3451
Vereador;250002181699;45555;LEANDRO ALBUQUERQUE GIMENEZ;45;PSDB;Partido da Social Democracia Brasileira;NÃO ELEITO;3445
Vereador;250001933091;20555;WALMIR BAPTISTA RIGUEIRA;20;PODE;Podemos;SUPLENTE;3430
Vereador;250001881823;44155;FERNANDA ALVES DA SILVA;44;UNIÃO;União Brasil;SUPLENTE;3412
Vereador;250001962479;15700;GUILHERME BOAVENTURA;15;MDB;Movimento Democrático Brasileiro;SUPLENTE;3393
Vereador;250002034106;40404;MARIA VERONICA PORTO BILYK;40;PSB;Partido Socialista Brasileiro;SUPLENTE;3369
Vereador;250001962491;15153;ELZA PAULINA DE SOUZA;15;MDB;Movimento Democrático Brasileiro;SUPLENTE;3359
Vereador;250002034107;40770;JONAS SOUZA DOS REIS CAMARA;40;PSB;Partido Socialista Brasileiro;SUPLENTE;3352
Vereador;250002029374;77555;MARCELO GOUVEIA NASCIMENTO;77;SOLIDARIEDADE;Solidariedade;NÃO ELEITO;3323
Vereador;250001933071;20600;DEYCON FRANCISCO DA SILVA;20;PODE;Podemos;SUPLENTE;3312
Vereador;250001881792;44190;ALISSON GUIMARAES PEREIRA DE SOUZA;44;UNIÃO;União Brasil;SUPLENTE;3283
Vereador;250002029356;77123;ALEXANDRE MARIANO GENTIL;77;SOLIDARIEDADE;Solidariedade;NÃO ELEITO;3279
Vereador;250002392114;28900;GEOVANNA QUESADA VILAR;28;PRTB;Partido Renovador Trabalhista Brasileiro;NÃO ELEITO;3241
Vereador;250001913959;13336;ELIEIDE DE JESUS ARAUJO;13;PT;Partido dos Trabalhadores;SUPLENTE;3227
Vereador;250001962488;15315;RODNEY VICENTE DE SOUZA;15;MDB;Movimento Democrático Brasileiro;SUPLENTE;3200
Vereador;250002034097;40180;PATRICIA CATANI DA GAMA;40;PSB;Partido Socialista Brasileiro;SUPLENTE;3151
Vereador;250002034111;40222;WILLIAM GABRIEL CALLEGARO;40;PSB;Partido Socialista Brasileiro;SUPLENTE;3144
Vereador;250001881797;44400;VIVIANE MARTINS BUENO;44;UNIÃO;União Brasil;SUPLENTE;3089
Vereador;250002034085;40111;LUCIANA TRINDADE DE MACEDO;40;PSB;Partido Socialista Brasileiro;SUPLENTE;3069
Vereador;250002161335;55588;ALESSANDRO RUIZ MARTINEZ;55;PSD;Partido Social Democrático;SUPLENTE;3028
Vereador;250002170969;28100;RAFAEL CARLOS LABIAPARI GOMES;28;PRTB;Partido Renovador Trabalhista Brasileiro;NÃO ELEITO;3021
Vereador;250002170985;28459;THAISE DIAS LIMA DE SOUZA;28;PRTB;Partido Renovador Trabalhista Brasileiro;NÃO ELEITO;2949
Vereador;250002170998;28123;JOSÉ SOUZA DOS SANTOS;28;PRTB;Partido Renovador Trabalhista Brasileiro;NÃO ELEITO;2933
Vereador;250002173931;12777;WESLEY SILVESTRE ROSA;12;PDT;Partido Democrático Trabalhista;NÃO ELEITO;2925
Vereador;250002034137;40321;LARISSA AGOSTINI DE SOUZA;40;PSB;Partido Socialista Brasileiro;SUPLENTE;2898
Vereador;250001962476;15222;MARCUS VINICIUS DE ALMEIDA FERREIRA;15;MDB;Movimento Democrático Brasileiro;SUPLENTE;2862
Vereador;250001973509;22138;ALEXANDRE BERSANETI;22;PL;Partido Liberal;SUPLENTE;2860
Vereador;250001973494;22600;SALOMÃO PEREIRA DA SILVA;22;PL;Partido Liberal;SUPLENTE;2846
Vereador;250001977583;10250;GUILHERME TREMENTOZA GONZALEZ;10;REPUBLICANOS;REPUBLICANOS;SUPLENTE;2820
Vereador;250001973496;22123;EDUARDO DE CASTRO;22;PL;Partido Liberal;SUPLENTE;2813
Vereador;250001973470;22360;RITA DE CASSIA BORGES DOS SANTOS GUEDES;22;PL;Partido Liberal;SUPLENTE;2807
Vereador;250001973476;22122;ARMANDO BEGA;22;PL;Partido Liberal;SUPLENTE;2805
Vereador;250002171011;28200;WILSON GRASSI JUNIOR;28;PRTB;Partido Renovador Trabalhista Brasileiro;NÃO ELEITO;2777
Vereador;250002170968;28190;ADRIANA DAINEZI LACERDA E SILVA;28;PRTB;Partido Renovador Trabalhista Brasileiro;NÃO ELEITO;2767
Vereador;250002052135;18222;PATRICIA NUNES SILVA;18;REDE;Rede Sustentabilidade;SUPLENTE;2749
Vereador;250002170979;28222;WILLIAM OLIVA DA SILVA;28;PRTB;Partido Renovador Trabalhista Brasileiro;NÃO ELEITO;2704
Vereador;250001933097;20700;WELLINGTON DE PAULO RIBEIRO;20;PODE;Podemos;SUPLENTE;2696
Vereador;250002075166;25190;ELIAS ASSIS NETO;25;PRD;Partido Renovação Democrática;NÃO ELEITO;2689
Vereador;250002173906;12006;TIAGO ANTUNES DA LUZ NETO;12;PDT;Partido Democrático Trabalhista;NÃO ELEITO;2680
Vereador;250001977577;10110;FLAVIO FRANCISCO DE ALMEIDA;10;REPUBLICANOS;REPUBLICANOS;SUPLENTE;2657
Vereador;250002161339;55533;RONALDO AUGUSTO BRETAS MARZAGÃO JÚNIOR;55;PSD;Partido Social Democrático;SUPLENTE;2638
Vereador;250001933055;20220;ADILON FRANCISCO DOS SANTOS;20;PODE;Podemos;SUPLENTE;2612
Vereador;250001962480;15855;ANA PAULA CALVO FARIA;15;MDB;Movimento Democrático Brasileiro;SUPLENTE;2601
Vereador;250002052128;50021;EDSON GONÇALVES PELAGALO OLIVEIRA SILVA;50;PSOL;Partido Socialismo e Liberdade;SUPLENTE;2600
Vereador;250001962501;15111;JOSE NERIVAN DA SILVA;15;MDB;Movimento Democrático Brasileiro;SUPLENTE;2553
Vereador;250002173918;12999;EDNELSON PACHECO FERREIRA;12;PDT;Partido Democrático Trabalhista;NÃO ELEITO;2487
Vereador;250001933080;20903;PAULO SERGIO OLIVEIRA;20;PODE;Podemos;SUPLENTE;2461
Vereador;250001913979;13124;SALETE CAMPARI;13;PT;Partido dos Trabalhadores;SUPLENTE;2451
Vereador;250002064662;80800;DANIELLY MILENA OLIVEIRA DOS SANTOS;80;UP;Unidade Popular;NÃO ELEITO;2448
Vereador;250002171009;28111;DJALMA DE LIMA SANTOS;28;PRTB;Partido Renovador Trabalhista Brasileiro;NÃO ELEITO;2411
Vereador;250002029399;77023;JEFFERSON ELOY;77;SOLIDARIEDADE;Solidariedade;NÃO ELEITO;2403
Vereador;250002034114;40011;JADSON FLORENTINO DE MORAES;40;PSB;Partido Socialista Brasileiro;SUPLENTE;2398
Vereador;250001962495;15888;MARCOS CESAR DE SOUZA;15;MDB;Movimento Democrático Brasileiro;SUPLENTE;2366
Vereador;250002034088;40789;ROQUE DA LUZ FERNANDES;40;PSB;Partido Socialista Brasileiro;SUPLENTE;2339
Vereador;250002146921;70567;JOAO BATISTA DE SANTIAGO;70;AVANTE;AVANTE;NÃO ELEITO;2299
Vereador;250002170989;28070;CRISTINA SOARES SILVA;28;PRTB;Partido Renovador Trabalhista Brasileiro;NÃO ELEITO;2296
Vereador;250002170090;16000;FLAVIA BISCHAIN ROSA;16;PSTU;Partido Socialista dos Trabalhadores Unificado;NÃO ELEITO;2252
Vereador;250002146883;70000;ALEXANDRE BELLO CORREA;70;AVANTE;AVANTE;NÃO ELEITO;2246
Vereador;250002181653;45222;ADAO MARIANO APARECIDO;45;PSDB;Partido da Social Democracia Brasileira;NÃO ELEITO;2246
Vereador;250002146922;70222;RENATO DOS SANTOS NASCIMENTO;70;AVANTE;AVANTE;NÃO ELEITO;2226
Vereador;250002034103;40028;RODRIGO OLEGÁRIO CARMELITA;40;PSB;Partido Socialista Brasileiro;SUPLENTE;2205
Vereador;250002034136;40777;HERBERT PEREIRA DE MELO;40;PSB;Partido Socialista Brasileiro;SUPLENTE;2202
Vereador;250002146893;70456;OCIMAR DE ARAÚJO MONTEIRO;70;AVANTE;AVANTE;NÃO ELEITO;2198
Vereador;250001962485;15380;LEANDRO ROBERTO;15;MDB;Movimento Democrático Brasileiro;SUPLENTE;2187
Vereador;250002052094;50100;MARCOS ALMEIDA COSTA PEREIRA;50;PSOL;Partido Socialismo e Liberdade;SUPLENTE;2180
Vereador;250002173940;12111;ANTONIO BASILIO FILHO;12;PDT;Partido Democrático Trabalhista;NÃO ELEITO;2165
Vereador;250002034104;40140;JADY KAROLINE VERISSIMO DA SILVA;40;PSB;Partido Socialista Brasileiro;SUPLENTE;2164
Vereador;250002064660;80123;CAROLINA REJAILI VIGLIAR;80;UP;Unidade Popular;NÃO ELEITO;2146
Vereador;250002174668;11140;CELSO SILVINO DA SILVA;11;PP;PROGRESSISTAS;SUPLENTE;2132
Vereador;250002170993;28090;AILTON RODRIGUES MACHADO;28;PRTB;Partido Renovador Trabalhista Brasileiro;NÃO ELEITO;2103
Vereador;250001913977;13133;GIVANILDO GONÇALVES DOS SANTOS;13;PT;Partido dos Trabalhadores;SUPLENTE;2100
Vereador;250002029391;77700;ROGÉRIO VALDECI DE LIMA;77;SOLIDARIEDADE;Solidariedade;NÃO ELEITO;2091
Vereador;250002075168;25250;CARLOS ALBERTO FABRINI;25;PRD;Partido Renovação Democrática;NÃO ELEITO;2071
Vereador;250002075160;25111;EVERTON ZIGRINI GOMES;25;PRD;Partido Renovação Democrática;NÃO ELEITO;2047
Vereador;250002034129;40142;MARIANA ROTTA WCZASSEK;40;PSB;Partido Socialista Brasileiro;SUPLENTE;2016
Vereador;250001962506;15016;DANIEL NEVES DE FARIA;15;MDB;Movimento Democrático Brasileiro;SUPLENTE;2012
Vereador;250001973497;22018;HENRY TKACZ;22;PL;Partido Liberal;SUPLENTE;2002
Vereador;250002181695;45000;EDUARDO CESAR LEITE;45;PSDB;Partido da Social Democracia Brasileira;NÃO ELEITO;1992
Vereador;250002181679;45678;GUILHERME KOPKE BRITO;45;PSDB;Partido da Social Democracia Brasileira;NÃO ELEITO;1990
Vereador;250002034118;40100;AUGUSTO EDUARDO VIDAL NETO;40;PSB;Partido Socialista Brasileiro;SUPLENTE;1979
Vereador;250002052126;50011;MARIANA FELIX SANTOS;50;PSOL;Partido Socialismo e Liberdade;SUPLENTE;1963
Vereador;250001913985;13016;IVANETI DE ARAÚJO;13;PT;Partido dos Trabalhadores;SUPLENTE;1954
Vereador;250001913975;13500;ANDREIA TEIXEIRA BATISTA;13;PT;Partido dos Trabalhadores;SUPLENTE;1943
Vereador;250002052110;50420;RAFAEL PACHECO ALQUEZAR;50;PSOL;Partido Socialismo e Liberdade;SUPLENTE;1939
Vereador;250002075142;25777;VERUSKA GHENDOV;25;PRD;Partido Renovação Democrática;NÃO ELEITO;1916
Vereador;250002052136;50555;SENIVALDO ALVES DA SILVA;50;PSOL;Partido Socialismo e Liberdade;SUPLENTE;1913
Vereador;250001973499;22011;TANDARA ALVES CAIXETA;22;PL;Partido Liberal;SUPLENTE;1896
Vereador;250001913957;13113;MARIA ELISA DO NASCIMENTO;13;PT;Partido dos Trabalhadores;SUPLENTE;1891
Vereador;250002052099;18018;MARCO ANTÔNIO MILLS MARTINS;18;REDE;Rede Sustentabilidade;SUPLENTE;1881
Vereador;250001962467;15678;RAMIREZ AUGUSTO LOPES TOSTA;15;MDB;Movimento Democrático Brasileiro;SUPLENTE;1859
Vereador;250001973503;22298;HANNA GHARIB;22;PL;Partido Liberal;SUPLENTE;1854
Vereador;250001962511;15044;VALTER DELFINO;15;MDB;Movimento Democrático Brasileiro;SUPLENTE;1820
Vereador;250002075137;25253;FERNANDO MANSO;25;PRD;Partido Renovação Democrática;NÃO ELEITO;1813
Vereador;250002146908;70700;MORGANA SIQUEIRA;70;AVANTE;AVANTE;NÃO ELEITO;1813
Vereador;250001977580;10444;WILLY GARCIA;10;REPUBLICANOS;REPUBLICANOS;SUPLENTE;1808
Vereador;250001933057;20025;LEANDRO QUARESMA GODOY FREITAS;20;PODE;Podemos;SUPLENTE;1801
Vereador;250001977575;10777;RENATO DALEFFI MARQUES;10;REPUBLICANOS;REPUBLICANOS;SUPLENTE;1799
Vereador;250002173913;12636;DJALMA DA SILVA CORREA;12;PDT;Partido Democrático Trabalhista;NÃO ELEITO;1796
Vereador;250002052089;50321;ARI FRIEDENBACH;50;PSOL;Partido Socialismo e Liberdade;SUPLENTE;1780
Vereador;250002079316;30130;TATIANA SIMAIA BARBOSA MALHEIROS;30;NOVO;Partido Novo;SUPLENTE;1766
Vereador;250001973489;22456;SANDRA REGINA SANT ANNA PETITTO;22;PL;Partido Liberal;SUPLENTE;1764
Vereador;250001977604;10011;CLAUDIA CASTANHEIRA ALVES;10;REPUBLICANOS;REPUBLICANOS;SUPLENTE;1759
Vereador;250002146925;70357;ANTONIO CARLOS DE SOUZA SANTANA;70;AVANTE;AVANTE;NÃO ELEITO;1752
Vereador;250001973472;22911;FABIO LUIZ DOMINIQUINI;22;PL;Partido Liberal;SUPLENTE;1732
Vereador;250001881834;44044;ROBERTO SEBASTIAO PETERNELLI JUNIOR;44;UNIÃO;União Brasil;SUPLENTE;1729
Vereador;250002034100;40999;ABDULBASET JAROUR;40;PSB;Partido Socialista Brasileiro;SUPLENTE;1722
Vereador;250001962483;15333;JOAO ROBERTO VALENÇA SOARES;15;MDB;Movimento Democrático Brasileiro;SUPLENTE;1710
Vereador;250002034128;40340;MARCELO SILVA DOS SANTOS;40;PSB;Partido Socialista Brasileiro;SUPLENTE;1704
Vereador;250002029354;77010;ALEXANDRE ALCALDE DE SOUZA;77;SOLIDARIEDADE;Solidariedade;NÃO ELEITO;1696
Vereador;250002034087;40700;RICARDO BARBOSA;40;PSB;Partido Socialista Brasileiro;SUPLENTE;1683
Vereador;250001973471;22922;SUSANNA DO VAL MOORE;22;PL;Partido Liberal;SUPLENTE;1681
Vereador;250001933079;20011;JOICE CRISTINA HASSELMANN;20;PODE;Podemos;SUPLENTE;1673
Vereador;250002034094;40026;GERALDO RIBEIRO GUIMARÃES NETO;40;PSB;Partido Socialista Brasileiro;SUPLENTE;1669
Vereador;250002029357;77500;CHRISTIAN NIELSEN FARIA LOMBARDI;77;SOLIDARIEDADE;Solidariedade;NÃO ELEITO;1667
Vereador;250001973491;22190;APARECIDO MIGUEL DE ALENCAR;22;PL;Partido Liberal;SUPLENTE;1665
Vereador;250002171002;28125;ALESSANDRA SANTOS FERREIRA DA SILVA;28;PRTB;Partido Renovador Trabalhista Brasileiro;NÃO ELEITO;1621
Vereador;250001973501;22088;PATRICIA MAGDA GIRO LOBO BELLI;22;PL;Partido Liberal;SUPLENTE;1614
Vereador;250002052122;50999;VALDOMIRO MARQUES;50;PSOL;Partido Socialismo e Liberdade;SUPLENTE;1606
Vereador;250001933053;20401;CAIO MARTINS CABELEIRA;20;PODE;Podemos;SUPLENTE;1600
Vereador;250001973515;22611;ROBERTO PIRES PACIULLO;22;PL;Partido Liberal;SUPLENTE;1600
Vereador;250002018917;33337;SORAIA IRENE MARTINS MANZANO;33;MOBILIZA;Mobilização Nacional;NÃO ELEITO;1567
Vereador;250001913984;13626;EMERSON DE ABREU SANTANA;13;PT;Partido dos Trabalhadores;SUPLENTE;1548
Vereador;250002052129;50660;ANTONIO ERICK GOMES DA SILVA;50;PSOL;Partido Socialismo e Liberdade;SUPLENTE;1530
Vereador;250001933093;20977;OSVALDO FENOGLIO VIEIRA;20;PODE;Podemos;SUPLENTE;1521
Vereador;250001977614;10177;CARLOS CAVALCANTE DE SOUZA;10;REPUBLICANOS;REPUBLICANOS;SUPLENTE;1514
Vereador;250001973468;22002;PAULO ROBERTO AMARAL VIEIRA;22;PL;Partido Liberal;SUPLENTE;1509
Vereador;250002161338;55678;JOSÉ ROLIM DA SILVA;55;PSD;Partido Social Democrático;SUPLENTE;1498
Vereador;250002146887;70001;WALTER ANTÔNIO DE MORAES;70;AVANTE;AVANTE;NÃO ELEITO;1489
Vereador;250001962492;15069;EVANDRO CESAR DE OLIVEIRA;15;MDB;Movimento Democrático Brasileiro;SUPLENTE;1487
Vereador;250001881799;44499;ESTER LOPES DE SOUZA FLOR;44;UNIÃO;União Brasil;SUPLENTE;1470
Vereador;250002029364;77360;VAGNER FERNANDES DA SILVA;77;SOLIDARIEDADE;Solidariedade;NÃO ELEITO;1470
Vereador;250001977579;10190;OSVALDO DA SILVA LOBEIRO MACHADO;10;REPUBLICANOS;REPUBLICANOS;SUPLENTE;1463
Vereador;250001962466;15017;JOSEFA ANADETE DOS SANTOS SILVA;15;MDB;Movimento Democrático Brasileiro;SUPLENTE;1462
Vereador;250002079341;30555;LINCOLN VIEIRA BAILHÃO;30;NOVO;Partido Novo;SUPLENTE;1462
Vereador;250001973517;22111;CAMILA MOREIRA DE SOUSA BASTOS;22;PL;Partido Liberal;SUPLENTE;1459
Vereador;250001977610;10111;DIEGO LOPES DEL RIO;10;REPUBLICANOS;REPUBLICANOS;SUPLENTE;1434
Vereador;250001881802;44144;HEITOR DE CARVALHO ALVES;44;UNIÃO;União Brasil;SUPLENTE;1424
Vereador;250002052082;50033;EDSON ITAMAR DA SILVA;50;PSOL;Partido Socialismo e Liberdade;SUPLENTE;1423
Vereador;250002079327;30500;MARCOS EDUARDO RUI COSTA;30;NOVO;Partido Novo;SUPLENTE;1415
Vereador;250002079301;30018;LEANDRO ISAIAS MOFSOVICH;30;NOVO;Partido Novo;SUPLENTE;1390
Vereador;250002052088;50533;EDUARDO COSME DE JESUS BARBOSA;50;PSOL;Partido Socialismo e Liberdade;SUPLENTE;1372
Vereador;250002170996;28700;RENATA CARVALHO RIBEIRO GIMENEZ;28;PRTB;Partido Renovador Trabalhista Brasileiro;NÃO ELEITO;1347
Vereador;250001973511;22580;MARIA DE FÁTIMA LUCENA MOTA;22;PL;Partido Liberal;SUPLENTE;1341
Vereador;250001881833;44441;ROBERTA CRISTINA MOREIRA NOVAIS;44;UNIÃO;União Brasil;SUPLENTE;1337
Vereador;250002034108;40800;JOSÉ VALDO SOUZA DE SANTANA;40;PSB;Partido Socialista Brasileiro;SUPLENTE;1331
Vereador;250001977598;10400;EDUARDO FERREIRA DE ALMEIDA CAMARGO;10;REPUBLICANOS;REPUBLICANOS;SUPLENTE;1324
Vereador;250002170092;16555;GRAZIELI RODRIGUES EZEQUIEL;16;PSTU;Partido Socialista dos Trabalhadores Unificado;NÃO ELEITO;1305
Vereador;250002034105;40444;MARCOS ANTÔNIO RIBEIRO;40;PSB;Partido Socialista Brasileiro;SUPLENTE;1292
Vereador;250001881818;44567;MARIA LUCIA MENESES MATTOS;44;UNIÃO;União Brasil;SUPLENTE;1281
Vereador;250001962486;15027;MARCELLA MOREIRA SIMÕES LUIZ;15;MDB;Movimento Democrático Brasileiro;SUPLENTE;1279
Vereador;250001977595;10010;ANDERSON DOS ANJOS OLIVEIRA;10;REPUBLICANOS;REPUBLICANOS;SUPLENTE;1279
Vereador;250001913961;13123;JOSE CARLOS DE AQUINO;13;PT;Partido dos Trabalhadores;SUPLENTE;1267
Vereador;250001933060;20127;JOSÉ CARLOS LEITE SOARES;20;PODE;Podemos;SUPLENTE;1265
Vereador;250002034126;40112;ANTÔNIO ALVES DOS SANTOS;40;PSB;Partido Socialista Brasileiro;SUPLENTE;1263
Vereador;250002052095;50062;MARTA LOPES DE OLIVEIRA;50;PSOL;Partido Socialismo e Liberdade;SUPLENTE;1262
Vereador;250002075175;25051;GILBERTO SANTOS SILVA DE VASCONCELOS;25;PRD;Partido Renovação Democrática;NÃO ELEITO;1261
Vereador;250002079340;30299;AILTON RIBEIRO DA SILVA FILHO;30;NOVO;Partido Novo;SUPLENTE;1256
Vereador;250002181687;45190;JOSE ROBERTO RODRIGUES DE OLIVEIRA;45;PSDB;Partido da Social Democracia Brasileira;NÃO ELEITO;1255
Vereador;250001973483;22051;SALOMÃO CONCEIÇÃO AUGUSTO DA SILVA;22;PL;Partido Liberal;SUPLENTE;1246
Vereador;250002170977;28888;KAREN CRISTINA SANTOS VASCONCELOS;28;PRTB;Partido Renovador Trabalhista Brasileiro;NÃO ELEITO;1230
Vereador;250002174660;11444;SERGIO ROBERTO DO CARMO;11;PP;PROGRESSISTAS;SUPLENTE;1220
Vereador;250002173941;12700;DANILO PRISEAJNIUC BIFONE;12;PDT;Partido Democrático Trabalhista;NÃO ELEITO;1211
Vereador;250002174683;11007;VANESSA DIAS DE OLIVEIRA;11;PP;PROGRESSISTAS;SUPLENTE;1211
Vereador;250002075132;25200;SEBASTIAO RAIMUNDO DE OLIVEIRA;25;PRD;Partido Renovação Democrática;NÃO ELEITO;1210
Vereador;250002171012;28223;VIVIANE PALMERO FARIAS;28;PRTB;Partido Renovador Trabalhista Brasileiro;NÃO ELEITO;1194
Vereador;250002173930;12900;ROSEMARA LEANDRO DA SILVA;12;PDT;Partido Democrático Trabalhista;NÃO ELEITO;1190
Vereador;250002146910;70989;CESAR ROBERTO MACEDO FERREIRA;70;AVANTE;AVANTE;NÃO ELEITO;1179
Vereador;250002052092;50456;SANDRA RAMALHOSO;50;PSOL;Partido Socialismo e Liberdade;SUPLENTE;1173
Vereador;250002052125;50113;MARCOS ROBERTO MAROLIS;50;PSOL;Partido Socialismo e Liberdade;SUPLENTE;1160
Vereador;250002075128;25138;GERALDO ALVES DE SOUZA;25;PRD;Partido Renovação Democrática;NÃO ELEITO;1158
Vereador;250002146935;70100;JARDEL DA COSTA SILVA;70;AVANTE;AVANTE;NÃO ELEITO;1157
Vereador;250002029349;77017;CLAUDIO SANTOS ALBUQUERQUE;77;SOLIDARIEDADE;Solidariedade;NÃO ELEITO;1153
Vereador;250002075165;25234;RICARDO ROCHA DE OLIVEIRA;25;PRD;Partido Renovação Democrática;NÃO ELEITO;1151
Vereador;250002161328;55577;ANTONIO CARLOS RAGO CANO;55;PSD;Partido Social Democrático;SUPLENTE;1149
Vereador;250001962512;15022;TIAGO HENRIQUE NITOPI;15;MDB;Movimento Democrático Brasileiro;SUPLENTE;1140
Vereador;250001973500;22007;ADAM MAAMARI MOREIRA;22;PL;Partido Liberal;SUPLENTE;1089
Vereador;250002181681;45777;RUDNEIA ALVES ARANTES;45;PSDB;Partido da Social Democracia Brasileira;NÃO ELEITO;1075
Vereador;250002161325;55001;PAULO SUSSUMU KOBAYASHI;55;PSD;Partido Social Democrático;SUPLENTE;1074
Vereador;250001962487;15998;NADJA JANAIARA OLIVEIRA SANTOS;15;MDB;Movimento Democrático Brasileiro;SUPLENTE;1073
Vereador;250001973493;22777;MUNIR AUGUSTO NISS;22;PL;Partido Liberal;SUPLENTE;1071
Vereador;250002052131;50016;GABRIEL DE MEDEIROS JACQUES;50;PSOL;Partido Socialismo e Liberdade;SUPLENTE;1070
Vereador;250002079351;30121;EMERSON RODRIGUES ROSA;30;NOVO;Partido Novo;SUPLENTE;1067
Vereador;250002034134;40077;RONALDO PRADO LINO;40;PSB;Partido Socialista Brasileiro;SUPLENTE;1065
Vereador;250001973487;22500;ANTONIO DE FREITAS JUNIOR;22;PL;Partido Liberal;SUPLENTE;1037
Vereador;250001933069;20027;KEDNEY QUEIROZ DOS SANTOS;20;PODE;Podemos;SUPLENTE;1034
Vereador;250001973495;22145;AGNALDO QUEIROZ DE FARIA;22;PL;Partido Liberal;SUPLENTE;1025
Vereador;250002075122;25500;TANIA MARA MARQUES SILVA;25;PRD;Partido Renovação Democrática;NÃO ELEITO;1025
Vereador;250002173951;12222;CHRISTIAN LISBOA FABALET;12;PDT;Partido Democrático Trabalhista;NÃO ELEITO;1015
Vereador;250002052098;50678;JOSÉ AGRIPINO DA SILVA;50;PSOL;Partido Socialismo e Liberdade;SUPLENTE;1013
Vereador;250001913958;13013;ZILDENE CARVALHO DE OLIVEIRA FERNANDES;13;PT;Partido dos Trabalhadores;SUPLENTE;1009
Vereador;250002146909;70156;MARTA FABIOLA OLIVEIRA TEIXEIRA;70;AVANTE;AVANTE;NÃO ELEITO;1006
Vereador;250002034133;40022;NATALINO DE JESUS;40;PSB;Partido Socialista Brasileiro;SUPLENTE;1004
Vereador;250001962478;15556;ADRIANA VASCONCELLOS VIEIRA DE OLIVEIRA LUIZ;15;MDB;Movimento Democrático Brasileiro;SUPLENTE;1003
Vereador;250001973473;22218;DAVID ZYLBERGELD NETO;22;PL;Partido Liberal;SUPLENTE;999
Vereador;250002161342;55345;RONI BAPTISTA DE SOUZA;55;PSD;Partido Social Democrático;SUPLENTE;999
Vereador;250002174670;11511;EDSON RODRIGUES CARDOSO;11;PP;PROGRESSISTAS;SUPLENTE;999
Vereador;250002029378;77720;MARCELO DE PAULO;77;SOLIDARIEDADE;Solidariedade;NÃO ELEITO;998
Vereador;250001947265;44247;EBERTON SALLES DE LIMA;44;UNIÃO;União Brasil;SUPLENTE;989
Vereador;250002052103;50777;AUDEIDE CARDOSO;50;PSOL;Partido Socialismo e Liberdade;SUPLENTE;988
Vereador;250002029390;77737;NEZINHO GONÇALVES NUNES;77;SOLIDARIEDADE;Solidariedade;NÃO ELEITO;985
Vereador;250002170990;28198;RIVERIA LINS DA SILVA;28;PRTB;Partido Renovador Trabalhista Brasileiro;NÃO ELEITO;967
Vereador;250002173917;12444;JOAO PAULO RODRIGUES DE SOUZA;12;PDT;Partido Democrático Trabalhista;NÃO ELEITO;960
Vereador;250001977562;10103;WENDEL OLIVEIRA SANTIAGO;10;REPUBLICANOS;REPUBLICANOS;SUPLENTE;955
Vereador;250001973508;22147;FATIMA ALVES;22;PL;Partido Liberal;SUPLENTE;952
Vereador;250001977578;10199;EOZITO DO AMARAL FERREIRA;10;REPUBLICANOS;REPUBLICANOS;SUPLENTE;952
Vereador;250002161334;55888;CYNTHIA MICHELS;55;PSD;Partido Social Democrático;SUPLENTE;952
Vereador;250001913967;43900;RONI MIGUEL DA SILVA;43;PV;Partido Verde;SUPLENTE;947
Vereador;250002052086;50666;REVYEUX DOS SANTOS LIMA;50;PSOL;Partido Socialismo e Liberdade;SUPLENTE;935
Vereador;250001973484;22722;SERGIO RIBEIRO BUSTAMANTE;22;PL;Partido Liberal;SUPLENTE;926
Vereador;250002029389;77728;DOUGLAS MELO DE SOUSA;77;SOLIDARIEDADE;Solidariedade;NÃO ELEITO;925
Vereador;250002034095;40888;LUIZ AUGUSTO LEONARDO DE CASTRO;40;PSB;Partido Socialista Brasileiro;SUPLENTE;924
Vereador;250002079330;30700;ROGERIO DOMINGUES GAMEIRO;30;NOVO;Partido Novo;SUPLENTE;916
Vereador;250002029400;77100;FRANCISCO MIGUEL DE ANDRADE MIRANDA;77;SOLIDARIEDADE;Solidariedade;NÃO ELEITO;915
Vereador;250002075125;25555;AMANDA SANTOS DA SILVA;25;PRD;Partido Renovação Democrática;NÃO ELEITO;915
Vereador;250001933077;20167;ELIEL SOARES ALVES;20;PODE;Podemos;SUPLENTE;907
Vereador;250002052137;50800;ADERITO CASSIO DE ASSIS DUTRA;50;PSOL;Partido Socialismo e Liberdade;SUPLENTE;883
Vereador;250001913937;13313;MARIA DA NATIVIDADE PEREIRA LIMA;13;PT;Partido dos Trabalhadores;SUPLENTE;882
Vereador;250002018911;33192;ANDRÉ LUIS FEITOSA MINEIRO;33;MOBILIZA;Mobilização Nacional;NÃO ELEITO;881
Vereador;250002079305;30012;ROGERIO BOCCIA;30;NOVO;Partido Novo;SUPLENTE;880
Vereador;250001962507;15800;MARYANA ESCOBAR BALTUSIS;15;MDB;Movimento Democrático Brasileiro;SUPLENTE;872
Vereador;250002171005;28101;CÍCERO APARECIDO DA SILVA;28;PRTB;Partido Renovador Trabalhista Brasileiro;NÃO ELEITO;867
Vereador;250002052118;50550;LUCILIO FERREIRA DA SILVA;50;PSOL;Partido Socialismo e Liberdade;SUPLENTE;863
Vereador;250001913933;13570;MILTON EVANGELISTA;13;PT;Partido dos Trabalhadores;SUPLENTE;852
Vereador;250002173958;12160;MARILENE ADELIA DOS SANTOS SILVA;12;PDT;Partido Democrático Trabalhista;NÃO ELEITO;851
Vereador;250002029375;77890;MARCO BATISTA DE OLIVEIRA;77;SOLIDARIEDADE;Solidariedade;NÃO ELEITO;843
Vereador;250002034089;40017;SERGIO OLIVEIRA DA SILVA;40;PSB;Partido Socialista Brasileiro;SUPLENTE;843
Vereador;250002146891;70800;AUDALIO PAULO DA SILVA;70;AVANTE;AVANTE;NÃO ELEITO;843
Vereador;250002064661;80008;LUCAS BORGES CARVENTE;80;UP;Unidade Popular;NÃO ELEITO;842
Vereador;250002034132;40345;FIDELCINO DOS SANTOS SOUZA;40;PSB;Partido Socialista Brasileiro;SUPLENTE;836
Vereador;250002018919;33333;JOÃO FRANCISCO GARCIA;33;MOBILIZA;Mobilização Nacional;NÃO ELEITO;834
Vereador;250002075162;25661;GETULIO FERNANDES DOS SANTOS;25;PRD;Partido Renovação Democrática;NÃO ELEITO;832
Vereador;250002170988;28789;TONI CRISTIAN CERQUEIRA;28;PRTB;Partido Renovador Trabalhista Brasileiro;NÃO ELEITO;822
Vereador;250002173953;12000;JANETE SILVA DE OLIVEIRA;12;PDT;Partido Democrático Trabalhista;NÃO ELEITO;812
Vereador;250002079314;30024;THEREZA CHRISTINA FARIA LIMA;30;NOVO;Partido Novo;SUPLENTE;808
Vereador;250002075130;25201;CARLOS EDUARDO NOGUEIRA DOURADO;25;PRD;Partido Renovação Democrática;NÃO ELEITO;806
Vereador;250002075143;25025;AUGUSTO HIDEATO CIMINO TAKEDA;25;PRD;Partido Renovação Democrática;NÃO ELEITO;801
Vereador;250002064663;80100;GUSTAVO UBATÃ ALVAREZ CORDEIRO DE MATOS;80;UP;Unidade Popular;NÃO ELEITO;798
Vereador;250002079336;30900;MARINA COELHO DA FONSECA;30;NOVO;Partido Novo;SUPLENTE;793
Vereador;250001881800;44205;MARILEIA DE SOUZA CHIEZA;44;UNIÃO;União Brasil;SUPLENTE;789
Vereador;250002052085;50053;ALEX ADRIANO ALCAZAR FERNANDES;50;PSOL;Partido Socialismo e Liberdade;SUPLENTE;788
Vereador;250002170992;28300;RICARDO RODRIGUES DOS SANTOS;28;PRTB;Partido Renovador Trabalhista Brasileiro;NÃO ELEITO;788
Vereador;250002170981;28456;VALDIR HERMOGENES PEREIRA;28;PRTB;Partido Renovador Trabalhista Brasileiro;NÃO ELEITO;787
Vereador;250001881801;44447;JUAN RAMON SOTO;44;UNIÃO;União Brasil;SUPLENTE;782
Vereador;250002171017;28029;IGOR HONORIO DA SILVA;28;PRTB;Partido Renovador Trabalhista Brasileiro;NÃO ELEITO;782
Vereador;250002357421;27017;LINDBERG CLEMENTE DE MORAIS;27;DC;Democracia Cristã;NÃO ELEITO;780
Vereador;250002387343;20002;VINICIUS ALVES SCHAEFER;20;PODE;Podemos;SUPLENTE;776
Vereador;250002052091;50277;SAMUEL RODRIGUES SILVA DOS SANTOS;50;PSOL;Partido Socialismo e Liberdade;SUPLENTE;774
Vereador;250002161337;55765;JOÃO MARCOS ULTRAMAR QUINTEIRO;55;PSD;Partido Social Democrático;SUPLENTE;772
Vereador;250001962515;15515;MOACIR NORBERTO AVIAN;15;MDB;Movimento Democrático Brasileiro;SUPLENTE;765
Vereador;250002174681;11311;ANTONIO CARLOS ALVES DA SILVA;11;PP;PROGRESSISTAS;SUPLENTE;765
Vereador;250002075131;25999;DANIEL DE ANDRADE VIEIRA;25;PRD;Partido Renovação Democrática;NÃO ELEITO;763
Vereador;250002034119;40147;ELIGIO SANTANA DOS SANTOS;40;PSB;Partido Socialista Brasileiro;SUPLENTE;762
Vereador;250001977571;10776;VÂNIA DA PAIXÃO LANA ONWUDIWE;10;REPUBLICANOS;REPUBLICANOS;SUPLENTE;759
Vereador;250002029395;77222;VIVIAN CRISTINA DOS SANTOS FELIPE;77;SOLIDARIEDADE;Solidariedade;NÃO ELEITO;759
Vereador;250002173955;12400;JORGE LUIS FELIZARDO DOS SANTOS;12;PDT;Partido Democrático Trabalhista;NÃO ELEITO;758
Vereador;250002034086;40013;MARIA CECILIA BEZERRA DA SILVA;40;PSB;Partido Socialista Brasileiro;SUPLENTE;752
Vereador;250002146897;70333;WELINGTON JOSE DE CAMARGO;70;AVANTE;AVANTE;NÃO ELEITO;746
Vereador;250002146886;70999;FERNANDA VOLNEIA PAIN DE MORAES;70;AVANTE;AVANTE;NÃO ELEITO;743
Vereador;250001881832;44544;PAULO HENRIQUE FACCHINI DE ANDRADE;44;UNIÃO;União Brasil;SUPLENTE;740
Vereador;250002029381;77007;SÉRGIO NUNES SALMENTRO;77;SOLIDARIEDADE;Solidariedade;NÃO ELEITO;737
Vereador;250001977565;10333;ALESSANDRO LUIZ OLIVEIRA AZZONI;10;REPUBLICANOS;REPUBLICANOS;SUPLENTE;736
Vereador;250001977605;10365;CLAUDIO EDUARDO CARDOSO;10;REPUBLICANOS;REPUBLICANOS;SUPLENTE;735
Vereador;250002034109;40001;LISETE GOMES DAS NEVES;40;PSB;Partido Socialista Brasileiro;SUPLENTE;732
Vereador;250002075129;25121;PAULO ROGÉRIO DA COSTA COUTINHO;25;PRD;Partido Renovação Democrática;NÃO ELEITO;727
Vereador;250002052124;18444;INGRID SOARES SANTOS;18;REDE;Rede Sustentabilidade;SUPLENTE;725
Vereador;250002018921;33357;SIGMAR DUPRE GUIMARÃES;33;MOBILIZA;Mobilização Nacional;NÃO ELEITO;723
Vereador;250001933096;20627;VALDETE GOMES DUTRA PEREIRA;20;PODE;Podemos;SUPLENTE;722
Vereador;250002079307;30123;SIDNEY EDUARDO STAHL;30;NOVO;Partido Novo;SUPLENTE;716
Vereador;250002334577;15100;LUCIMARA CORREA DE OLIVEIRA LOUREIRO;15;MDB;Movimento Democrático Brasileiro;SUPLENTE;712
Vereador;250002170984;28333;VANESSA PEREIRA LELO;28;PRTB;Partido Renovador Trabalhista Brasileiro;NÃO ELEITO;711
Vereador;250002181670;45012;JAMES DEL TEDESCO LOSACCO;45;PSDB;Partido da Social Democracia Brasileira;NÃO ELEITO;708
Vereador;250001933072;20158;JOSÉ AZEVEDO PIRES;20;PODE;Podemos;SUPLENTE;707
Vereador;250001962482;15014;DANIELE SOUZA AKAMINE;15;MDB;Movimento Democrático Brasileiro;SUPLENTE;707
Vereador;250002146917;70111;REGINALDO DA ROCHA MÁXIMO;70;AVANTE;AVANTE;NÃO ELEITO;705
Vereador;250002034131;40722;WALDIR ESTEVES BARBOSA;40;PSB;Partido Socialista Brasileiro;SUPLENTE;704
Vereador;250002146880;70234;JUSSIMARA NUNES DE JESUS;70;AVANTE;AVANTE;NÃO ELEITO;704
Vereador;250002173919;12366;MANOEL JOSÉ DA SILVA;12;PDT;Partido Democrático Trabalhista;NÃO ELEITO;692
Vereador;250002079313;30003;RAFAEL DE CASTRO PINHEIRO;30;NOVO;Partido Novo;SUPLENTE;691
Vereador;250002161329;55070;LEANDRO CUSSOLINI FAUSTINO;55;PSD;Partido Social Democrático;SUPLENTE;689
Vereador;250002075170;25700;HIRYAN MEZZALIRA TEIXEIRA;25;PRD;Partido Renovação Democrática;NÃO ELEITO;687
Vereador;250002181672;45025;FRANCISCO ANTONIO CAMURÇA DE CARVALHO;45;PSDB;Partido da Social Democracia Brasileira;NÃO ELEITO;676
Vereador;250001973482;22020;DIEGO LUIZ DE CASTRO;22;PL;Partido Liberal;SUPLENTE;675
Vereador;250002052112;50150;IDALICIO REIMBERG LIMA;50;PSOL;Partido Socialismo e Liberdade;SUPLENTE;675
Vereador;250001977582;10050;EDSON PIRES SALOMÃO;10;REPUBLICANOS;REPUBLICANOS;SUPLENTE;672
Vereador;250002034093;40007;GERALDO ANTONIO DA NÓBREGA;40;PSB;Partido Socialista Brasileiro;SUPLENTE;671
Vereador;250001962489;15140;VIVIANE FERREIRA PROCOPIO;15;MDB;Movimento Democrático Brasileiro;SUPLENTE;669
Vereador;250001977593;10156;IVA OLIVEIRA BATISTA;10;REPUBLICANOS;REPUBLICANOS;SUPLENTE;669
Vereador;250002075140;25300;JOSE ALCY PINHEIRO SUBRINHO;25;PRD;Partido Renovação Democrática;NÃO ELEITO;667
Vereador;250002173908;12090;JOANA DARQUE DA PAZ;12;PDT;Partido Democrático Trabalhista;NÃO ELEITO;666
Vereador;250002075148;25321;WESLEY NEVES ROCHA;25;PRD;Partido Renovação Democrática;NÃO ELEITO;664
Vereador;250001973488;22135;MARILENA GONÇALVES GOUVEA PANINKA;22;PL;Partido Liberal;SUPLENTE;663
Vereador;250002075171;25444;WASHINGTON JOSÉ DA CRUZ;25;PRD;Partido Renovação Democrática;NÃO ELEITO;662
Vereador;250002034130;40234;MICHELLE BRITO CAVALCANTE LIMA;40;PSB;Partido Socialista Brasileiro;SUPLENTE;656
Vereador;250001933049;20033;SOCRATES DAMASCENO NOVELLI;20;PODE;Podemos;SUPLENTE;655
Vereador;250002146898;70070;FLEDSON DE SOUSA LIMA;70;AVANTE;AVANTE;NÃO ELEITO;648
Vereador;250001913974;65077;TELMA APARECIDA MARIANO;65;PC do B;Partido Comunista do Brasil;SUPLENTE;643
Vereador;250002034117;40003;MARIO LUIZ CORTES;40;PSB;Partido Socialista Brasileiro;SUPLENTE;641
Vereador;250002396388;12930;CLÁUDIO JOSÉ DE OLIVEIRA GONÇALVES;12;PDT;Partido Democrático Trabalhista;NÃO ELEITO;641
Vereador;250002171006;28444;FABIO BARSOTTI;28;PRTB;Partido Renovador Trabalhista Brasileiro;NÃO ELEITO;640
Vereador;250002075138;25333;RAIMUNDO NONATO DO CARMO FILHO;25;PRD;Partido Renovação Democrática;NÃO ELEITO;637
Vereador;250002173912;12313;EDUARDO FERREIRA DE PAULA;12;PDT;Partido Democrático Trabalhista;NÃO ELEITO;629
Vereador;250002052120;18888;PEDRO COBBETT STAEL MARKUN;18;REDE;Rede Sustentabilidade;SUPLENTE;627
Vereador;250002034112;40010;MARIA DE FATIMA VIEIRA MARTINS;40;PSB;Partido Socialista Brasileiro;SUPLENTE;622
Vereador;250001962500;15050;JARKSON PEREIRA DOS SANTOS;15;MDB;Movimento Democrático Brasileiro;SUPLENTE;621
Vereador;250002181662;45167;JOSE VALENTIM HENRIQUEZ JUNIOR;45;PSDB;Partido da Social Democracia Brasileira;NÃO ELEITO;619
Vereador;250002170997;28291;CLAUDIO MARTINS NEVES DE FRANÇA;28;PRTB;Partido Renovador Trabalhista Brasileiro;NÃO ELEITO;613
Vereador;250002161331;55030;CLAUDIO BATISTA DOS SANTOS;55;PSD;Partido Social Democrático;SUPLENTE;612
Vereador;250001973474;22040;ADRIANO COSTA DOS SANTOS;22;PL;Partido Liberal;SUPLENTE;611
Vereador;250002173910;12800;MESSIAS PEREIRA DA SILVA;12;PDT;Partido Democrático Trabalhista;NÃO ELEITO;610
Vereador;250001977563;10224;MARIA NILZA FERREIRA ALVES;10;REPUBLICANOS;REPUBLICANOS;SUPLENTE;608
Vereador;250002146901;70123;MARIO CESAR MANDUCA;70;AVANTE;AVANTE;NÃO ELEITO;607
Vereador;250002029371;77002;ANDRÉ TRINDADE ALVES;77;SOLIDARIEDADE;Solidariedade;NÃO ELEITO;604
Vereador;250001881812;44728;GLAUCIA SANTANA SILVA CAVALCANTI;44;UNIÃO;União Brasil;SUPLENTE;598
Vereador;250002064665;80080;MARCELO VIOLA;80;UP;Unidade Popular;NÃO ELEITO;598
Vereador;250002018935;33022;GERALDO PEREIRA FILHO;33;MOBILIZA;Mobilização Nacional;NÃO ELEITO;597
Vereador;250002029397;77088;JOSE ROBERTO DE CASTRO;77;SOLIDARIEDADE;Solidariedade;NÃO ELEITO;594
Vereador;250001933073;20991;MARIA DO CARMO PORTELA RUMBO;20;PODE;Podemos;SUPLENTE;593
Vereador;250002018914;33222;MAICON SULIVAN DE LIMA;33;MOBILIZA;Mobilização Nacional;NÃO ELEITO;591
Vereador;250001933074;20963;MARIA LÚCIA DA SILVA;20;PODE;Podemos;SUPLENTE;590
Vereador;250001973478;22322;JULIANA ROSA MIRANDA;22;PL;Partido Liberal;SUPLENTE;590
Vereador;250002170982;28280;BIANCA MARIA DELLA SANTA PIMENTA;28;PRTB;Partido Renovador Trabalhista Brasileiro;NÃO ELEITO;590
Vereador;250002034099;40406;ITAMAR TAVARES GARCIA;40;PSB;Partido Socialista Brasileiro;SUPLENTE;589
Vereador;250001933052;20153;JOSE BISPO DE MORAIS;20;PODE;Podemos;SUPLENTE;583
Vereador;250002174667;11230;PEDRO JOSÉ VILAR GODOY HORTA;11;PP;PROGRESSISTAS;SUPLENTE;582
Vereador;250002174657;11800;JOAO APARECIDO DA CRUZ BATISTA;11;PP;PROGRESSISTAS;SUPLENTE;580
Vereador;250001962462;15815;EDSON MARQUES PEREIRA;15;MDB;Movimento Democrático Brasileiro;SUPLENTE;576
Vereador;250002029366;77770;REGINA DE MATOS COELHO NOGUEIRA;77;SOLIDARIEDADE;Solidariedade;NÃO ELEITO;576
Vereador;250002146902;70250;LUIS CARLOS DOS SANTOS SILVA;70;AVANTE;AVANTE;NÃO ELEITO;575
Vereador;250002173948;12350;ATAÍDE ROBERTO DA SILVA JUNIOR;12;PDT;Partido Democrático Trabalhista;NÃO ELEITO;572
Vereador;250001913964;43007;MARCOS MAGRI BENADOR;43;PV;Partido Verde;SUPLENTE;569
Vereador;250001962502;15455;LAERCIO EZEQUIEL DOS SANTOS;15;MDB;Movimento Democrático Brasileiro;SUPLENTE;568
Vereador;250002079347;30789;HUGO DANTAS DA SILVA;30;NOVO;Partido Novo;SUPLENTE;567
Vereador;250001913947;13132;MARCUS VINICIUS COMENALE PUJOL;13;PT;Partido dos Trabalhadores;SUPLENTE;566
Vereador;250001962490;15569;ELIABES ALVES DE OLIVEIRA;15;MDB;Movimento Democrático Brasileiro;SUPLENTE;565
Vereador;250002174688;11555;FABIO ANTÔNIO MARQUES;11;PP;PROGRESSISTAS;SUPLENTE;556
Vereador;250002146916;70170;HAIDÉE ALVES DE AQUINO BAPTISTA;70;AVANTE;AVANTE;NÃO ELEITO;555
Vereador;250002146929;70555;ADAUTO BENTIVEGNA FILHO;70;AVANTE;AVANTE;NÃO ELEITO;554
Vereador;250001973510;22348;LUDMILA BASTOS RIBEIRO SOARES;22;PL;Partido Liberal;SUPLENTE;550
Vereador;250002173934;12712;JUDICLEIDE VITAL DA SILVA;12;PDT;Partido Democrático Trabalhista;NÃO ELEITO;550
Vereador;250002079311;30222;DANIEL DE OLIVEIRA MELO;30;NOVO;Partido Novo;SUPLENTE;549
Vereador;250002052093;50501;JOÃO BATISTA DIAS DE SOUSA;50;PSOL;Partido Socialismo e Liberdade;SUPLENTE;548
Vereador;250002034096;40223;NAZARÉ BATISTA BRAGA ERNESTO;40;PSB;Partido Socialista Brasileiro;SUPLENTE;547
Vereador;250002173911;12456;IVANILSON GOMES DE MOURA;12;PDT;Partido Democrático Trabalhista;NÃO ELEITO;545
Vereador;250002052087;50013;SOLANGE BENEIT DOS SANTOS;50;PSOL;Partido Socialismo e Liberdade;SUPLENTE;539
Vereador;250002173927;12137;LUCIANA ALMEIDA DIAS SAMPAIO;12;PDT;Partido Democrático Trabalhista;NÃO ELEITO;536
Vereador;250002029359;77244;IERZY IGNATOWICZ;77;SOLIDARIEDADE;Solidariedade;NÃO ELEITO;530
Vereador;250001933085;20031;ANA PAULA NEVES DE ALMEIDA FERNANDES;20;PODE;Podemos;SUPLENTE;524
Vereador;250002173916;12141;JOSE JOATAN MAIA;12;PDT;Partido Democrático Trabalhista;NÃO ELEITO;521
Vereador;250001913945;43222;CRISTIANE ALEXANDRE MENDES;43;PV;Partido Verde;SUPLENTE;518
Vereador;250002079319;30200;SILVIA REGINA DE LUCA BESERRA;30;NOVO;Partido Novo;SUPLENTE;517
Vereador;250002174680;11020;NESTOR DE SOUZA GOIABEIRA FILHO;11;PP;PROGRESSISTAS;SUPLENTE;516
Vereador;250002146894;70133;MARCOS ROBERTO CEBOLA E SILVA;70;AVANTE;AVANTE;NÃO ELEITO;514
Vereador;250002146889;70789;RAMIRO DE SOUSA MARINHO;70;AVANTE;AVANTE;NÃO ELEITO;510
Vereador;250002181682;45333;RAIMUNDO NONATO BARBOSA DA SILVA;45;PSDB;Partido da Social Democracia Brasileira;NÃO ELEITO;509
Vereador;250002173944;12888;DOMENICO CARONE;12;PDT;Partido Democrático Trabalhista;NÃO ELEITO;508
Vereador;250002174687;11772;MARCIA DE CASTRO MARECO;11;PP;PROGRESSISTAS;SUPLENTE;508
Vereador;250002052083;18777;EDNA GENÉSIO DA SILVA YAMADA;18;REDE;Rede Sustentabilidade;SUPLENTE;505
Vereador;250002029377;77653;EDSON JACINTO;77;SOLIDARIEDADE;Solidariedade;NÃO ELEITO;502
Vereador;250001973498;22677;LAYANE SANTIAGO MOURA DE SOUSA;22;PL;Partido Liberal;SUPLENTE;501
Vereador;250001977602;10200;BRUNO KENDY SATO;10;REPUBLICANOS;REPUBLICANOS;SUPLENTE;500
Vereador;250001933086;20088;VALDIRENE SANTOS DA SILVA;20;PODE;Podemos;SUPLENTE;496
Vereador;250002075127;25252;ELIS REGINA VIEIRA RUANO;25;PRD;Partido Renovação Democrática;NÃO ELEITO;496
Vereador;250002170994;28777;FRANCISCO BEZERRA DE MELO;28;PRTB;Partido Renovador Trabalhista Brasileiro;NÃO ELEITO;495
Vereador;250002173938;12121;VIVIANE NOGUEIRA DE MORAES DANIELESKI;12;PDT;Partido Democrático Trabalhista;NÃO ELEITO;493
Vereador;250002170971;28124;PATRICIA CARVALHO DE OLIVEIRA;28;PRTB;Partido Renovador Trabalhista Brasileiro;NÃO ELEITO;492
Vereador;250002170973;28063;MARCOS RODRIGUES;28;PRTB;Partido Renovador Trabalhista Brasileiro;NÃO ELEITO;491
Vereador;250002173937;12344;BRENO SILVA COSTA;12;PDT;Partido Democrático Trabalhista;NÃO ELEITO;490
Vereador;250002173957;12123;EVANDO REIS;12;PDT;Partido Democrático Trabalhista;NÃO ELEITO;484
Vereador;250001977568;10007;WAGNER GOMES;10;REPUBLICANOS;REPUBLICANOS;SUPLENTE;483
Vereador;250002029367;77077;JAILSON TORRES MACARIO;77;SOLIDARIEDADE;Solidariedade;NÃO ELEITO;483
Vereador;250002357430;27888;WASHINGTON SERAFIM DOS SANTOS RODRIGUES;27;DC;Democracia Cristã;NÃO ELEITO;483
Vereador;250001933083;20013;MARIA MOREIRA DE FARIA;20;PODE;Podemos;SUPLENTE;480
Vereador;250002034113;40333;WAGNER LEONARDO DE CARVALHO PINTO;40;PSB;Partido Socialista Brasileiro;SUPLENTE;480
Vereador;250002075146;25225;JANDERSON MARIANO;25;PRD;Partido Renovação Democrática;NÃO ELEITO;477
Vereador;250002173933;12500;APARECIDO MARIN;12;PDT;Partido Democrático Trabalhista;NÃO ELEITO;477
Vereador;250001977566;10700;SILVIA DOS SANTOS NAKANO;10;REPUBLICANOS;REPUBLICANOS;SUPLENTE;476
Vereador;250002079331;30011;ROGERIO GUILHERME VASQUEZ MINO UGEDA;30;NOVO;Partido Novo;SUPLENTE;476
Vereador;250002161332;55111;JULIANA D AGOSTINI;55;PSD;Partido Social Democrático;SUPLENTE;473
Vereador;250002161341;55018;MARCIA RAICHER;55;PSD;Partido Social Democrático;SUPLENTE;469
Vereador;250001962473;15051;LIGIA DA SILVA RAMOS;15;MDB;Movimento Democrático Brasileiro;SUPLENTE;461
Vereador;250001977572;10022;ELAINE CRISTINA MIRANDA DA SILVA;10;REPUBLICANOS;REPUBLICANOS;SUPLENTE;461
Vereador;250002052109;50008;PAULO PEREIRA ROCHA;50;PSOL;Partido Socialismo e Liberdade;SUPLENTE;460
Vereador;250002146911;70444;FABIO DOS REIS ROCHA;70;AVANTE;AVANTE;NÃO ELEITO;460
Vereador;250002170094;16016;LUCAS ANTONIO NIZUMA SIMABUKULO;16;PSTU;Partido Socialista dos Trabalhadores Unificado;NÃO ELEITO;458
Vereador;250002171001;28020;FLAVIUS COTAIT RUGGIERO;28;PRTB;Partido Renovador Trabalhista Brasileiro;NÃO ELEITO;458
Vereador;250001977590;10500;HELENA NOBUCO SUZUKI TAKADACHI;10;REPUBLICANOS;REPUBLICANOS;SUPLENTE;454
Vereador;250002079338;30551;WILLIAM WAGNER SANTOS ARAUJO;30;NOVO;Partido Novo;SUPLENTE;452
Vereador;250002170983;28281;MAGNA DA SILVA;28;PRTB;Partido Renovador Trabalhista Brasileiro;NÃO ELEITO;450
Vereador;250001933067;20199;MARIA PAULA RUAS SOARES;20;PODE;Podemos;SUPLENTE;448
Vereador;250001977574;10789;SHIRLEY PALADY CAMBUR;10;REPUBLICANOS;REPUBLICANOS;SUPLENTE;445
Vereador;250002052105;50029;AGOSTINHO FERREIRA GOMES;50;PSOL;Partido Socialismo e Liberdade;SUPLENTE;442
Vereador;250002075174;25789;MARCELO FRANCISCO DE ALMEIDA;25;PRD;Partido Renovação Democrática;NÃO ELEITO;442
Vereador;250001973514;22225;MARCIO APARECIDO DOS SANTOS;22;PL;Partido Liberal;SUPLENTE;441
Vereador;250002079322;30100;JADSON GERSON DA SILVA;30;NOVO;Partido Novo;SUPLENTE;441
Vereador;250002029351;77011;CLEBER JACOB;77;SOLIDARIEDADE;Solidariedade;NÃO ELEITO;440
Vereador;250002029352;77132;ROSAMARIA DE JESUS DA SILVA;77;SOLIDARIEDADE;Solidariedade;NÃO ELEITO;438
Vereador;250002079308;30022;WILSON DE MELLO JUNIOR;30;NOVO;Partido Novo;SUPLENTE;437
Vereador;250002079328;30077;CLAUDIO DIAS ANTONIO FERREIRA;30;NOVO;Partido Novo;SUPLENTE;434
Vereador;250002170974;28635;RAIMUNDO NONATO PEREIRA DOS SANTOS;28;PRTB;Partido Renovador Trabalhista Brasileiro;NÃO ELEITO;433
Vereador;250002357442;27323;LEANDRO CESAR SALES DA SILVA;27;DC;Democracia Cristã;NÃO ELEITO;432
Vereador;250002079325;30066;MARIA DE JESUS RODRIGUES SORIANO;30;NOVO;Partido Novo;SUPLENTE;430
Vereador;250002171016;28882;IGOR PRETELIS DE FRANCO;28;PRTB;Partido Renovador Trabalhista Brasileiro;NÃO ELEITO;430
Vereador;250002018907;33273;LUZIA MARIA VIDICA CANDIDO;33;MOBILIZA;Mobilização Nacional;NÃO ELEITO;425
Vereador;250002181693;45304;JOSMAR MIRANDA;45;PSDB;Partido da Social Democracia Brasileira;NÃO ELEITO;424
Vereador;250001913935;13010;GARRY DERALUS;13;PT;Partido dos Trabalhadores;SUPLENTE;420
Vereador;250002173928;12007;MARIA DAS DORES ALVES SILVA;12;PDT;Partido Democrático Trabalhista;NÃO ELEITO;420
Vereador;250002173954;12113;LEIZ DA SILVA ROSA;12;PDT;Partido Democrático Trabalhista;NÃO ELEITO;415
Vereador;250002034091;40004;WASHINGTON COELHO;40;PSB;Partido Socialista Brasileiro;SUPLENTE;412
Vereador;250002079345;30369;ALESSANDRO CHAZAN BRIONES SANI;30;NOVO;Partido Novo;SUPLENTE;412
Vereador;250002181655;45457;FLORISVALDO PALMEIRA ALVES;45;PSDB;Partido da Social Democracia Brasileira;NÃO ELEITO;412
Vereador;250002052133;18456;ANDRE RICARDO DE SOUZA;18;REDE;Rede Sustentabilidade;SUPLENTE;410
Vereador;250002079303;30301;EDUARDO ALMEIDA PERES;30;NOVO;Partido Novo;SUPLENTE;406
Vereador;250001977584;10298;JULIANA APARECIDA DE SOUZA PIRES;10;REPUBLICANOS;REPUBLICANOS;SUPLENTE;405
Vereador;250002170986;28999;LUIZ AUGUSTO ANDRE BALTHAZAR;28;PRTB;Partido Renovador Trabalhista Brasileiro;NÃO ELEITO;404
Vereador;250002075134;25222;JEAN PIERRE CARDENAS DE LA TORRE;25;PRD;Partido Renovação Democrática;NÃO ELEITO;403
Vereador;250001977561;10800;MARÍLIA MIRANDA ROCHA DE OLIVEIRA;10;REPUBLICANOS;REPUBLICANOS;SUPLENTE;400
Vereador;250002146915;70013;DEUSDETE ALVES DE ASSUNÇÃO;70;AVANTE;AVANTE;NÃO ELEITO;400
Vereador;250002171003;28011;MARIO AUGUSTO DA SILVA ALMEIDA;28;PRTB;Partido Renovador Trabalhista Brasileiro;NÃO ELEITO;399
Vereador;250001933092;20345;ELISABETE CAVALCANTE LEITE;20;PODE;Podemos;SUPLENTE;395
Vereador;250002171018;28148;JOSE APARECIDO ROSA FILHO;28;PRTB;Partido Renovador Trabalhista Brasileiro;NÃO ELEITO;390
Vereador;250002170991;28752;LEANDRO AUTO DA CRUZ;28;PRTB;Partido Renovador Trabalhista Brasileiro;NÃO ELEITO;385
Vereador;250001913976;13328;LUIZ ALBERTO MELCHERT DE CARVALHO E SILVA;13;PT;Partido dos Trabalhadores;SUPLENTE;382
Vereador;250002029358;77154;FLORISA BATISTA DE ALMEIDA;77;SOLIDARIEDADE;Solidariedade;NÃO ELEITO;381
Vereador;250002146899;70775;GIAN HILLER PISANO;70;AVANTE;AVANTE;NÃO ELEITO;381
Vereador;250002181651;45645;ADALBERTO RIBEIRO DA COSTA;45;PSDB;Partido da Social Democracia Brasileira;NÃO ELEITO;381
Vereador;250001973475;22028;KESLEY PETERSON PAULINO;22;PL;Partido Liberal;SUPLENTE;379
Vereador;250002079323;30800;ALDO APARECIDO LIMA;30;NOVO;Partido Novo;SUPLENTE;377
Vereador;250002018931;33190;RONALDO GALDINO DOS SANTOS;33;MOBILIZA;Mobilização Nacional;NÃO ELEITO;375
Vereador;250002079299;30033;WAGNER DE BRITO TEIXEIRA;30;NOVO;Partido Novo;SUPLENTE;375
Vereador;250002146930;70900;ANDREA DE PAULA SANTOS;70;AVANTE;AVANTE;NÃO ELEITO;374
Vereador;250002079306;30600;CAROLINA ROSA PEREIRA SIMPLÍCIO;30;NOVO;Partido Novo;SUPLENTE;369
Vereador;250001881795;44024;JAQUELINE DOMINGOS SAVIO MARTINS DO NASCIMENTO;44;UNIÃO;União Brasil;SUPLENTE;365
Vereador;250001962468;15224;SHEILA DE SOUZA SANTANA;15;MDB;Movimento Democrático Brasileiro;SUPLENTE;362
Vereador;250001962508;15811;PRISCILA DA SILVA CAVALCANTE URQUIA;15;MDB;Movimento Democrático Brasileiro;SUPLENTE;361
Vereador;250002146906;70153;DONIZETE ALVES NOGUEIRA;70;AVANTE;AVANTE;NÃO ELEITO;361
Vereador;250002181683;45245;FRANKLIN KILBERT KARBSTEIN;45;PSDB;Partido da Social Democracia Brasileira;NÃO ELEITO;359
Vereador;250001977609;10107;BRAZ MARTINS DOS SANTOS;10;REPUBLICANOS;REPUBLICANOS;SUPLENTE;358
Vereador;250002075141;25900;JULIANY DE SOUSA REIS;25;PRD;Partido Renovação Democrática;NÃO ELEITO;358
Vereador;250002173950;12522;LILIAN DA SILVA BOMFIM;12;PDT;Partido Democrático Trabalhista;NÃO ELEITO;357
Vereador;250002171000;28321;DORACI DE SOUZA PINHEIRO;28;PRTB;Partido Renovador Trabalhista Brasileiro;NÃO ELEITO;356
Vereador;250002075126;25126;BRUNO HENRIQUE DIAS;25;PRD;Partido Renovação Democrática;NÃO ELEITO;354
Vereador;250002018904;33100;RODRIGO CAMARGO LOBÃO;33;MOBILIZA;Mobilização Nacional;NÃO ELEITO;353
Vereador;250002075159;25680;ERIC COSTA MARQUES;25;PRD;Partido Renovação Democrática;NÃO ELEITO;353
Vereador;250002181654;45100;ELIANE FRANCESCONI;45;PSDB;Partido da Social Democracia Brasileira;NÃO ELEITO;353
Vereador;250002029386;77880;MARIA NILVA SEVERINO GONÇALVES;77;SOLIDARIEDADE;Solidariedade;NÃO ELEITO;352
Vereador;250001913930;13400;GREGORY FRANÇA NARESSI;13;PT;Partido dos Trabalhadores;SUPLENTE;349
Vereador;250002173952;12224;JOAO BATISTA DA SILVA;12;PDT;Partido Democrático Trabalhista;NÃO ELEITO;349
Vereador;250002146919;70678;JOSE AMARO DA SILVA;70;AVANTE;AVANTE;NÃO ELEITO;348
Vereador;250002173946;12244;JUAN DAMACENA BARBOSA;12;PDT;Partido Democrático Trabalhista;NÃO ELEITO;348
Vereador;250002174666;11100;CINTIA RACHAS RIBEIRO;11;PP;PROGRESSISTAS;SUPLENTE;348
Vereador;250002357409;27000;AHMAD ABOU ADILE;27;DC;Democracia Cristã;NÃO ELEITO;346
Vereador;250002018941;33900;VALDINEI FELIX DOS SANTOS;33;MOBILIZA;Mobilização Nacional;NÃO ELEITO;344
Vereador;250002181667;45999;PAULO HENRIQUE MENDANHA DE FARIA ARRISCADO;45;PSDB;Partido da Social Democracia Brasileira;NÃO ELEITO;344
Vereador;250002146932;70970;MARTINHO DIAS DA SILVA;70;AVANTE;AVANTE;NÃO ELEITO;343
Vereador;250002034135;40193;CIRO MARTINS DOS SANTOS;40;PSB;Partido Socialista Brasileiro;SUPLENTE;342
Vereador;250001973485;22121;ELIETE FRANCISCO DOS SANTOS;22;PL;Partido Liberal;SUPLENTE;339
Vereador;250002079309;30177;ZENALDO DE LUNA TORRES;30;NOVO;Partido Novo;SUPLENTE;338
Vereador;250001973513;22995;DEUSDOLAR BORGATO;22;PL;Partido Liberal;SUPLENTE;337
Vereador;250002181674;45157;SOLANGE DA SILVA SCAPELLE AZEVEDO;45;PSDB;Partido da Social Democracia Brasileira;NÃO ELEITO;334
Vereador;250002079350;30001;RODRIGO JOSÉ DE ARAÚJO PEREIRA ALVAREZ NUNES;30;NOVO;Partido Novo;SUPLENTE;333
Vereador;250001913938;13444;PRISCILLA LEITE FERREIRA;13;PT;Partido dos Trabalhadores;SUPLENTE;330
Vereador;250001933048;20212;KAROLINA OLIVEIRA DA SILVA;20;PODE;Podemos;SUPLENTE;330
Vereador;250002170091;16123;AMANDA COELHO MARZALL;16;PSTU;Partido Socialista dos Trabalhadores Unificado;NÃO ELEITO;329
Vereador;250001913978;13018;CÍCERA MARIA DA CONCEIÇÃO;13;PT;Partido dos Trabalhadores;SUPLENTE;326
Vereador;250002174686;11110;BRUNO DA COSTA LIMA;11;PP;PROGRESSISTAS;SUPLENTE;325
Vereador;250002079343;30010;DULCEVAL ANDRADE DE SANTANA;30;NOVO;Partido Novo;SUPLENTE;321
Vereador;250001962496;15523;PATRICIA ALMEIDA SILVESTRI;15;MDB;Movimento Democrático Brasileiro;SUPLENTE;319
Vereador;250002079333;30111;GILBERTO PEREIRA SOUZA;30;NOVO;Partido Novo;SUPLENTE;316
Vereador;250002034116;40130;JOSE WELINGTON DOS REIS SILVA;40;PSB;Partido Socialista Brasileiro;SUPLENTE;314
Vereador;250002357432;27777;MARIA IRENISE DE SOUSA SANTOS;27;DC;Democracia Cristã;NÃO ELEITO;314
Vereador;250002018939;33126;PAULO SERGIO BAPTISTA DE SOUZA;33;MOBILIZA;Mobilização Nacional;NÃO ELEITO;311
Vereador;250002161340;55557;MARIA APARECIDA PINTO;55;PSD;Partido Social Democrático;SUPLENTE;311
Vereador;250001933081;20015;KELLY SANTOS MULLER;20;PODE;Podemos;SUPLENTE;310
Vereador;250002146918;70120;JOSE DE ARIMATEIA SILVA;70;AVANTE;AVANTE;NÃO ELEITO;310
Vereador;250002174678;11222;LEANDRO DO CARMO;11;PP;PROGRESSISTAS;SUPLENTE;309
Vereador;250002174665;11911;MARCIO RIBEIRO;11;PP;PROGRESSISTAS;SUPLENTE;307
Vereador;250001933045;20720;ALEX SANDRO LOUZAN DE ALMEIDA;20;PODE;Podemos;SUPLENTE;305
Vereador;250001933066;20789;MARIA VILANI LEITE RODRIGUES;20;PODE;Podemos;SUPLENTE;304
Vereador;250002034098;40005;RENHA CRISTINA SIMÕES;40;PSB;Partido Socialista Brasileiro;SUPLENTE;302
Vereador;250002079335;30032;ROBERTA OLIVEIRA SOUZA;30;NOVO;Partido Novo;SUPLENTE;302
Vereador;250002181650;45455;MARCO AURELIO DE LIMA KUROVSKI;45;PSDB;Partido da Social Democracia Brasileira;NÃO ELEITO;300
Vereador;250002029396;77111;RUBENS MASSASHI ITO;77;SOLIDARIEDADE;Solidariedade;NÃO ELEITO;299
Vereador;250002034090;40088;SHIRLEI APARECIDA MOURA DA SILVA;40;PSB;Partido Socialista Brasileiro;SUPLENTE;299
Vereador;250002173905;12003;DARCIO RANÇÃO RICCA;12;PDT;Partido Democrático Trabalhista;NÃO ELEITO;299
Vereador;250001977606;10900;MARLENE GONÇALVES COSTA DE ALCANTARA;10;REPUBLICANOS;REPUBLICANOS;SUPLENTE;297
Vereador;250002034124;40666;ARYENE MARTINS ALMEIDA;40;PSB;Partido Socialista Brasileiro;SUPLENTE;297
Vereador;250002052123;50099;LUISA PEREIRA DE SOUZA;50;PSOL;Partido Socialismo e Liberdade;SUPLENTE;297
Vereador;250002161321;55178;MATEUS SERAPHIM CAMARINHA;55;PSD;Partido Social Democrático;SUPLENTE;295
Vereador;250002181676;45107;DANIELA DA SILVA BRAGA;45;PSDB;Partido da Social Democracia Brasileira;NÃO ELEITO;295
Vereador;250002018936;33133;ALINE BARBOSA RIO RIBEIRO;33;MOBILIZA;Mobilização Nacional;NÃO ELEITO;294
Vereador;250002170999;28458;ADEMILSON RAMOS DA SILVA;28;PRTB;Partido Renovador Trabalhista Brasileiro;NÃO ELEITO;293
Vereador;250001973469;22099;IOLANDA REGINA ALVES FRONTEROTTA;22;PL;Partido Liberal;SUPLENTE;292
Vereador;250002079344;30400;TAMIRIS CAMPARI DE SOUZA LUZ;30;NOVO;Partido Novo;SUPLENTE;292
Vereador;250001973479;22223;LINDA DOS ANJOS BASILIO;22;PL;Partido Liberal;SUPLENTE;291
Vereador;250002181689;45109;ALESSANDRA MIRALLA LOUZA;45;PSDB;Partido da Social Democracia Brasileira;NÃO ELEITO;288
Vereador;250002379010;11771;CHRISTIANO BONIFAZIO;11;PP;PROGRESSISTAS;SUPLENTE;288
Vereador;250002174661;11700;RICARDO DOS ANJOS CORDEIRO;11;PP;PROGRESSISTAS;SUPLENTE;287
Vereador;250002052108;50210;MAURÍCIO DE MELO RIBEIRO;50;PSOL;Partido Socialismo e Liberdade;SUPLENTE;286
Vereador;250002079315;30525;DALTON ALVES DA SILVA;30;NOVO;Partido Novo;SUPLENTE;286
Vereador;250002181684;23177;ROSELAINE SOUZA DOS SANTOS;23;CIDADANIA;Cidadania;NÃO ELEITO;286
Vereador;250001977599;10987;CRISTIANE NAOMI TANIZAKI;10;REPUBLICANOS;REPUBLICANOS;SUPLENTE;283
Vereador;250001973477;22261;ANTONIO DAMASCENO BORGES FILHO;22;PL;Partido Liberal;SUPLENTE;280
Vereador;250002079339;30190;FRANCISCO DAVID;30;NOVO;Partido Novo;SUPLENTE;279
Vereador;250002170987;28118;LUIZ ROBERTO VIEIRA DA ROCHA;28;PRTB;Partido Renovador Trabalhista Brasileiro;NÃO ELEITO;279
Vereador;250002173945;12013;SILVIO DA SILVA SANTOS;12;PDT;Partido Democrático Trabalhista;NÃO ELEITO;277
Vereador;250002146903;70577;JOSÉ EDUARDO DOS SANTOS;70;AVANTE;AVANTE;NÃO ELEITO;274
Vereador;250002171004;28172;MARCIA LOURENÇÃO KITAGAWA;28;PRTB;Partido Renovador Trabalhista Brasileiro;NÃO ELEITO;273
Vereador;250001977591;10984;JOELSON UILEN SANTOS DA SILVA;10;REPUBLICANOS;REPUBLICANOS;SUPLENTE;270
Vereador;250002075139;25220;RICARDO AUGUSTO HONORIO ALVES;25;PRD;Partido Renovação Democrática;NÃO ELEITO;270
Vereador;250002029385;77050;GUILHERME BARDAUIL BOULOS;77;SOLIDARIEDADE;Solidariedade;NÃO ELEITO;266
Vereador;250002357437;27420;LUIZ FELIPE SANTANA DE MORAIS;27;DC;Democracia Cristã;NÃO ELEITO;266
Vereador;250002075144;25770;DAVI BENEDITO DOS SANTOS;25;PRD;Partido Renovação Democrática;NÃO ELEITO;265
Vereador;250002146912;70321;FÁBIO SILVA MOREIRA;70;AVANTE;AVANTE;NÃO ELEITO;264
Vereador;250002181692;45451;JULIO CLAUDIO GURGUEIRA;45;PSDB;Partido da Social Democracia Brasileira;NÃO ELEITO;264
Vereador;250002170970;28778;ROMILDO DO SANTOS;28;PRTB;Partido Renovador Trabalhista Brasileiro;NÃO ELEITO;262
Vereador;250002018937;33456;ROSANGELA CRISTINA DE MORAES;33;MOBILIZA;Mobilização Nacional;NÃO ELEITO;261
Vereador;250002173914;12340;ANDERSON DA SILVA CRUZ;12;PDT;Partido Democrático Trabalhista;NÃO ELEITO;261
Vereador;250002052134;18069;DENISE MARIA RIBEIRO ALBUQUERQUE DESIMONE;18;REDE;Rede Sustentabilidade;SUPLENTE;260
Vereador;250002146904;70022;ISRAEL BEZERRA DA SILVA;70;AVANTE;AVANTE;NÃO ELEITO;256
Vereador;250002170093;16160;LORENA FERNANDES SILVA;16;PSTU;Partido Socialista dos Trabalhadores Unificado;NÃO ELEITO;256
Vereador;250002029384;77015;FABIOLA PEIXOTO SANTELLO;77;SOLIDARIEDADE;Solidariedade;NÃO ELEITO;255
Vereador;250002181661;23231;LUCIANA CRISTINA MENDES SANTOS;23;CIDADANIA;Cidadania;NÃO ELEITO;255
Vereador;250002357411;27522;OSMAR SOSSAI;27;DC;Democracia Cristã;NÃO ELEITO;255
Vereador;250002075123;25366;MANOEL PINHEIRO DE FARIAS;25;PRD;Partido Renovação Democrática;NÃO ELEITO;252
Vereador;250002079353;30444;ALFREDO LUIZ ALVES DE LIMA;30;NOVO;Partido Novo;SUPLENTE;252
Vereador;250002173920;12204;MARCELO BATISTA PEREIRA;12;PDT;Partido Democrático Trabalhista;NÃO ELEITO;252
Vereador;250002079317;30333;JEFFERSON GUILARDUCCI DE ALVARENGA;30;NOVO;Partido Novo;SUPLENTE;250
Vereador;250002173924;12120;IGOR ESPERIDIAO SANTOS;12;PDT;Partido Democrático Trabalhista;NÃO ELEITO;249
Vereador;250002181659;45459;HAROLD THAU;45;PSDB;Partido da Social Democracia Brasileira;NÃO ELEITO;249
Vereador;250002075145;25600;ODILIA EXPEDITA DE SOUSA;25;PRD;Partido Renovação Democrática;NÃO ELEITO;246
Vereador;250002379009;11900;FERNANDA DE OLIVEIRA MILHOSE FELIX;11;PP;PROGRESSISTAS;SUPLENTE;246
Vereador;250002181691;45545;SILVIA DE CASTRO MARQUES;45;PSDB;Partido da Social Democracia Brasileira;NÃO ELEITO;245
Vereador;250002181680;23256;MAILSON TOMAZ DA SILVA;23;CIDADANIA;Cidadania;NÃO ELEITO;243
Vereador;250002171015;28044;SONIA MARIA GUERREIRO PAZINI;28;PRTB;Partido Renovador Trabalhista Brasileiro;NÃO ELEITO;242
Vereador;250002171010;28902;PAULO CEZAR ZEFERINO;28;PRTB;Partido Renovador Trabalhista Brasileiro;NÃO ELEITO;241
Vereador;250002079332;30377;SAMUEL FERREIRA LIMA;30;NOVO;Partido Novo;SUPLENTE;240
Vereador;250002161324;55333;IOLANDA GOMES RUAS;55;PSD;Partido Social Democrático;SUPLENTE;240
Vereador;250002173923;12212;RONAN ALOISIO GOULART;12;PDT;Partido Democrático Trabalhista;NÃO ELEITO;240
Vereador;250002075151;25055;WELLINGTON WAGNER DA SILVA;25;PRD;Partido Renovação Democrática;NÃO ELEITO;239
Vereador;250001933076;20122;WALTER PAIVA CIGLIONI;20;PODE;Podemos;SUPLENTE;238
Vereador;250002079312;30367;JESSICA TATIANA TAPIA TAPIA;30;NOVO;Partido Novo;SUPLENTE;237
Vereador;250002079320;30888;GERSON ALVES DOS SANTOS;30;NOVO;Partido Novo;SUPLENTE;237
Vereador;250001973480;22809;SILAS BISPO QUIVEN;22;PL;Partido Liberal;SUPLENTE;236
Vereador;250002075153;25888;CRISTIANE AQUINO PASTOR;25;PRD;Partido Renovação Democrática;NÃO ELEITO;236
Vereador;250002075172;25227;SANDRA PEDROSA GARCIA DOS SANTOS;25;PRD;Partido Renovação Democrática;NÃO ELEITO;236
Vereador;250002029401;77654;MANOEL DA CRUZ CARLOS VIEIRA;77;SOLIDARIEDADE;Solidariedade;NÃO ELEITO;234
Vereador;250002079298;30303;SOLANGE FERNANDES DE LIMA;30;NOVO;Partido Novo;SUPLENTE;233
Vereador;250002174659;11400;FERNANDO ROCHA GARCIA;11;PP;PROGRESSISTAS;SUPLENTE;233
Vereador;250002174674;11133;GERSON DOS REIS;11;PP;PROGRESSISTAS;SUPLENTE;233
Vereador;250002363846;29000;NATÁLIA BRAGA COSTA PIMENTA;29;PCO;Partido da Causa Operária;NÃO ELEITO;233
Vereador;250002018927;33088;FRANCISCO ALVES DA SILVA;33;MOBILIZA;Mobilização Nacional;NÃO ELEITO;232
Vereador;250002079348;30051;ALEXANDRE MENDES PINHEIRO;30;NOVO;Partido Novo;SUPLENTE;232
Vereador;250002174673;11002;SÓIRA SOLEDADE DOS ANJOS CELESTINO;11;PP;PROGRESSISTAS;SUPLENTE;232
Vereador;250002161317;55005;MIRTES GONÇALVES QUEIROZ;55;PSD;Partido Social Democrático;SUPLENTE;230
Vereador;250002181671;45045;FLAVIO AUGUSTO DE CAMPOS;45;PSDB;Partido da Social Democracia Brasileira;NÃO ELEITO;230
Vereador;250002357419;27010;CLÓVIS REIS DOS SANTOS;27;DC;Democracia Cristã;NÃO ELEITO;229
Vereador;250002181660;45122;LUIZ CARLOS TARGA JUNIOR;45;PSDB;Partido da Social Democracia Brasileira;NÃO ELEITO;228
Vereador;250002018908;33345;EDINALDO ANTÔNIO DO CARMO;33;MOBILIZA;Mobilização Nacional;NÃO ELEITO;227
Vereador;250002029392;77704;MARIA MADALENA DE CARVALHO LIMA;77;SOLIDARIEDADE;Solidariedade;NÃO ELEITO;227
Vereador;250002079300;30007;DANILO DA CUNHA BARBOSA;30;NOVO;Partido Novo;SUPLENTE;227
Vereador;250002146895;70987;SILVÂNIA VIEIRA DOS SANTOS;70;AVANTE;AVANTE;NÃO ELEITO;225
Vereador;250002146914;70570;CLAUDIO ALMIR VIEIRA;70;AVANTE;AVANTE;NÃO ELEITO;225
Vereador;250002029379;77042;MÁRCIO PEDRAZA AGUILERA;77;SOLIDARIEDADE;Solidariedade;NÃO ELEITO;224
Vereador;250002173909;12131;FLAVIA APARECIDA RODRIGUES;12;PDT;Partido Democrático Trabalhista;NÃO ELEITO;224
Vereador;250001977592;10555;GILSON CAMPOS;10;REPUBLICANOS;REPUBLICANOS;SUPLENTE;223
Vereador;250002029387;77639;DEIVIDE ALEXANDRE DOS SANTOS;77;SOLIDARIEDADE;Solidariedade;NÃO ELEITO;223
Vereador;250001977586;10999;FERNANDA SCATOLIN MARTINS;10;REPUBLICANOS;REPUBLICANOS;SUPLENTE;222
Vereador;250002173942;12024;MARIZE RIBEIRO DE SOUZA;12;PDT;Partido Democrático Trabalhista;NÃO ELEITO;222
Vereador;250001933070;20549;REGINA DIVINA MACHADO;20;PODE;Podemos;SUPLENTE;221
Vereador;250002075156;25899;LINDINALVA DO CARMO LIMA;25;PRD;Partido Renovação Democrática;NÃO ELEITO;221
Vereador;250002079302;30030;STEFANO PORTO PERES;30;NOVO;Partido Novo;SUPLENTE;219
Vereador;250001973507;22004;CARMEN LUCIA GERALDI;22;PL;Partido Liberal;SUPLENTE;218
Vereador;250002146924;70770;CARLA CACCIAFIORI;70;AVANTE;AVANTE;NÃO ELEITO;216
Vereador;250001913955;13030;ROGERIO MUNHOZ;13;PT;Partido dos Trabalhadores;SUPLENTE;215
Vereador;250002029383;77193;EVERALDO MOREIRA;77;SOLIDARIEDADE;Solidariedade;NÃO ELEITO;211
Vereador;250002181656;23574;MARIA DA CONCEICAO BELIZARIA DE SANTANA;23;CIDADANIA;Cidadania;NÃO ELEITO;211
Vereador;250002075164;25251;UBIRATAN ANDRADE SILVA;25;PRD;Partido Renovação Democrática;NÃO ELEITO;210
Vereador;250002146928;70231;VIVIAN FLORIANO DE MORAES;70;AVANTE;AVANTE;NÃO ELEITO;209
Vereador;250002181652;23777;CARLOS AUGUSTO DA CUNHA SILVA;23;CIDADANIA;Cidadania;NÃO ELEITO;208
Vereador;250002034122;40412;FERNANDA DE MORAES DA SILVA;40;PSB;Partido Socialista Brasileiro;SUPLENTE;206
Vereador;250002146890;70600;MARIA MARTA DE LIMA BARROS;70;AVANTE;AVANTE;NÃO ELEITO;205
Vereador;250002173939;12005;MOEMA ARRUDA DOS SANTOS;12;PDT;Partido Democrático Trabalhista;NÃO ELEITO;201
Vereador;250002075157;25345;MARIA JOSÉ DA SILVA;25;PRD;Partido Renovação Democrática;NÃO ELEITO;199
Vereador;250002079342;30612;NILCEIA BIANCHINI;30;NOVO;Partido Novo;SUPLENTE;199
Vereador;250001977576;10120;RAFAEL MOREIRA MENDES DE OLIVEIRA;10;REPUBLICANOS;REPUBLICANOS;SUPLENTE;198
Vereador;250002018910;33837;ITAMAR PRIMO BARONI;33;MOBILIZA;Mobilização Nacional;NÃO ELEITO;194
Vereador;250002018930;33015;JORGE ATAYDES DOS SANTOS;33;MOBILIZA;Mobilização Nacional;NÃO ELEITO;193
Vereador;250002171008;28351;JOSÉ RONALDO DA SILVA BARRETO;28;PRTB;Partido Renovador Trabalhista Brasileiro;NÃO ELEITO;192
Vereador;250002018912;33290;MÁRCIA LOPES DE ARAÚJO;33;MOBILIZA;Mobilização Nacional;NÃO ELEITO;191
Vereador;250002181649;45780;LOURIVAL CARDOSO MENDES;45;PSDB;Partido da Social Democracia Brasileira;NÃO ELEITO;191
Vereador;250002357434;27117;RUBENS PEREIRA DE ARAÚJO PAVÃO;27;DC;Democracia Cristã;NÃO ELEITO;190
Vereador;250002173921;12600;NEUDES RIBEIRO DE CARVALHO;12;PDT;Partido Democrático Trabalhista;NÃO ELEITO;189
Vereador;250002029360;77177;LEILIANE RAFAEL DA SILVA;77;SOLIDARIEDADE;Solidariedade;NÃO ELEITO;187
Vereador;250002171013;28800;MARCIO BORGES;28;PRTB;Partido Renovador Trabalhista Brasileiro;NÃO ELEITO;187
Vereador;250001973519;22433;JEFFERSON FERNANDES PEDRO;22;PL;Partido Liberal;SUPLENTE;184
Vereador;250002018915;33633;ROBERTO SELMER JÚNIOR;33;MOBILIZA;Mobilização Nacional;NÃO ELEITO;184
Vereador;250002029398;77727;FIRMINO AUGUSTO CORDEIRO;77;SOLIDARIEDADE;Solidariedade;NÃO ELEITO;184
Vereador;250001881836;44700;CLEBER VALADÃO ANTUNES;44;UNIÃO;União Brasil;SUPLENTE;183
Vereador;250002171007;28233;WALTER GUALBERTO DE BRITO;28;PRTB;Partido Renovador Trabalhista Brasileiro;NÃO ELEITO;183
Vereador;250002357443;27193;WILSON CAPUTO SANT ANNA;27;DC;Democracia Cristã;NÃO ELEITO;183
Vereador;250002079304;30031;SONIA REGINA SIQUEIRA DE ALBUQUERQUE MARANHÃO;30;NOVO;Partido Novo;SUPLENTE;179
Vereador;250002357446;27122;MARCELO MARQUES DE ARAÚJO;27;DC;Democracia Cristã;NÃO ELEITO;179
Vereador;250002052113;50707;BRAULINA SIMOA DOS SANTOS;50;PSOL;Partido Socialismo e Liberdade;SUPLENTE;178
Vereador;250002174672;11123;JULIO CESAR DA COSTA CAIRES FILHO;11;PP;PROGRESSISTAS;SUPLENTE;178
Vereador;250001977581;10741;FABRICIA METNE;10;REPUBLICANOS;REPUBLICANOS;SUPLENTE;177
Vereador;250002079334;30197;SAMIR MUHANAK DIB;30;NOVO;Partido Novo;SUPLENTE;175
Vereador;250002075158;25123;ANDRÉ HENRIQUE BUENO DE OLIVEIRA;25;PRD;Partido Renovação Democrática;NÃO ELEITO;174
Vereador;250002181665;45110;GERALDO JOSE DA COSTA MEDAGLIA;45;PSDB;Partido da Social Democracia Brasileira;NÃO ELEITO;170
Vereador;250002029388;77134;MARIA GORETE DA SILVA;77;SOLIDARIEDADE;Solidariedade;NÃO ELEITO;168
Vereador;250002181648;45513;ARMANDO RUFINO BARBOSA NETO;45;PSDB;Partido da Social Democracia Brasileira;NÃO ELEITO;167
Vereador;250002029376;77192;MARIA HELOISA GOMES DA SILVA;77;SOLIDARIEDADE;Solidariedade;NÃO ELEITO;166
Vereador;250002170095;16111;RENATO BENEDUCI ASSAD;16;PSTU;Partido Socialista dos Trabalhadores Unificado;NÃO ELEITO;166
Vereador;250002357435;27555;FATIMA APARECIDA NASCIMENTO DOS SANTOS RADUNZ;27;DC;Democracia Cristã;NÃO ELEITO;166
Vereador;250002181647;23022;HILDA MARIA AZEVEDO ALVES;23;CIDADANIA;Cidadania;NÃO ELEITO;165
Vereador;250002018920;33179;ANDERSON DALONSO;33;MOBILIZA;Mobilização Nacional;NÃO ELEITO;162
Vereador;250002018925;33699;FRANCISCO JOSÉ DA CRUZ FILHO;33;MOBILIZA;Mobilização Nacional;NÃO ELEITO;162
Vereador;250002173929;12200;ANDERSON CLAYTON SOARES MIYATA;12;PDT;Partido Democrático Trabalhista;NÃO ELEITO;162
Vereador;250002173932;12109;VERONICA EVANGELISTA DOS SANTOS;12;PDT;Partido Democrático Trabalhista;NÃO ELEITO;162
Vereador;250001973506;22014;MARIA APARECIDA DA SILVA;22;PL;Partido Liberal;SUPLENTE;161
Vereador;250002146926;70654;CARLOS ROBERTO DA SILVA;70;AVANTE;AVANTE;NÃO ELEITO;161
Vereador;250002161320;55775;MARCOS FLAVIO DE OLIVEIRA ROBERTO;55;PSD;Partido Social Democrático;SUPLENTE;160
Vereador;250001962504;15125;ANA CAROLINA FRANÇA DE SOUZA;15;MDB;Movimento Democrático Brasileiro;SUPLENTE;159
Vereador;250002357448;27333;AILTON BAPTISTA DE ANDRADE;27;DC;Democracia Cristã;NÃO ELEITO;159
Vereador;250002029370;77772;ANDREIA APARECIDA GOMES DE SOUSA;77;SOLIDARIEDADE;Solidariedade;NÃO ELEITO;158
Vereador;250002357427;27216;ADONIAS DA SILVA VIEIRA;27;DC;Democracia Cristã;NÃO ELEITO;158
Vereador;250001913943;13199;STEFANNO MALUF BUENO;13;PT;Partido dos Trabalhadores;SUPLENTE;156
Vereador;250002161314;55133;ELIANA FAZANNI;55;PSD;Partido Social Democrático;SUPLENTE;156
Vereador;250001973502;22053;JOSÉ APARECIDO MENDES;22;PL;Partido Liberal;SUPLENTE;155
Vereador;250002029350;77456;ADILSON EUGENIO DA SILVA;77;SOLIDARIEDADE;Solidariedade;NÃO ELEITO;155
Vereador;250002075152;25369;GABRIEL SILVA PINTO;25;PRD;Partido Renovação Democrática;NÃO ELEITO;155
Vereador;250002018934;33123;LEANDRO QUEIROZ LOURENÇO;33;MOBILIZA;Mobilização Nacional;NÃO ELEITO;154
Vereador;250002029394;77550;EDITH FERREIRA DE SOUZA OLIVEIRA;77;SOLIDARIEDADE;Solidariedade;NÃO ELEITO;154
Vereador;250002146907;70942;JAIR VIEIRA LEAL;70;AVANTE;AVANTE;NÃO ELEITO;151
Vereador;250002029363;77324;ANTONIO JOSÉ FERREIRA;77;SOLIDARIEDADE;Solidariedade;NÃO ELEITO;149
Vereador;250002075149;25125;OHANS BANOUS;25;PRD;Partido Renovação Democrática;NÃO ELEITO;148
Vereador;250002146882;70876;MARINALVA FERREIRA DA SILVA;70;AVANTE;AVANTE;NÃO ELEITO;148
Vereador;250002170975;28369;ROGERIO JACOMO MICHELETTI;28;PRTB;Partido Renovador Trabalhista Brasileiro;NÃO ELEITO;148
Vereador;250002018924;33801;MARCOS JOSE PEREIRA;33;MOBILIZA;Mobilização Nacional;NÃO ELEITO;146
Vereador;250002075124;25788;MARLENE MARIA RAMOS;25;PRD;Partido Renovação Democrática;NÃO ELEITO;146
Vereador;250002173936;12312;ANDRÉ LUIS DE MORAES;12;PDT;Partido Democrático Trabalhista;NÃO ELEITO;146
Vereador;250002181696;45888;CARLOS ANDRE DA SILVA;45;PSDB;Partido da Social Democracia Brasileira;NÃO ELEITO;146
Vereador;250002161315;55300;VILMA DE FATIMA BARBOZA DA SILVA;55;PSD;Partido Social Democrático;SUPLENTE;144
Vereador;250002181663;45008;AUGUSTO RABELO GONZALES;45;PSDB;Partido da Social Democracia Brasileira;NÃO ELEITO;144
Vereador;250001881828;44443;INES NANY RODRIGUES DA SILVA;44;UNIÃO;União Brasil;SUPLENTE;143
Vereador;250002146900;70400;WALNEY ARAUJO DA SILVEIRA;70;AVANTE;AVANTE;NÃO ELEITO;142
Vereador;250001913951;13007;RAUL FELIPE MELO FAJARDO;13;PT;Partido dos Trabalhadores;SUPLENTE;141
Vereador;250002079337;30666;WALTER RONCATO BARBISAN CANDIDO DE CARVALHO;30;NOVO;Partido Novo;SUPLENTE;141
Vereador;250002181688;45234;RENE NUNES BALTAZAR;45;PSDB;Partido da Social Democracia Brasileira;NÃO ELEITO;140
Vereador;250002357424;27123;ELDER GIMENEZ THOMASI;27;DC;Democracia Cristã;NÃO ELEITO;140
Vereador;250001913980;43041;SAMANTHA FREIRE DIAS;43;PV;Partido Verde;SUPLENTE;139
Vereador;250002351310;35000;HELOISA ALVES DE ARAUJO ZAGATO;35;PMB;Partido da Mulher Brasileira;NÃO ELEITO;138
Vereador;250002357428;27033;MARIA DO CARMO ROCHA MENDOZA;27;DC;Democracia Cristã;NÃO ELEITO;138
Vereador;250002170972;28372;EDUARDO JOSE DA SILVA;28;PRTB;Partido Renovador Trabalhista Brasileiro;NÃO ELEITO;137
Vereador;250002075133;25678;MARCIA VALÉRIA MARQUES LOPES SAQUETO;25;PRD;Partido Renovação Democrática;NÃO ELEITO;136
Vereador;250002173959;12789;ALBERTO SABINO DE OLIVEIRA;12;PDT;Partido Democrático Trabalhista;NÃO ELEITO;135
Vereador;250002357440;27222;NOEMIA VIEIRA FONSECA;27;DC;Democracia Cristã;NÃO ELEITO;135
Vereador;250002146896;70500;FABIO ARCO E FLEXA VEIGA;70;AVANTE;AVANTE;NÃO ELEITO;133
Vereador;250002181686;45567;SIDNEI SILVA DOS SANTOS;45;PSDB;Partido da Social Democracia Brasileira;NÃO ELEITO;132
Vereador;250002389044;70099;MICHELLE DE MEDEIROS GIARDINA;70;AVANTE;AVANTE;NÃO ELEITO;131
Vereador;250002174689;11624;JOSIANE RIBEIRO MENDONÇA;11;PP;PROGRESSISTAS;SUPLENTE;130
Vereador;250001977601;10532;AMITABH RANJAN;10;REPUBLICANOS;REPUBLICANOS;SUPLENTE;128
Vereador;250002146884;70002;ALOISIO SILVA JUNIOR;70;AVANTE;AVANTE;NÃO ELEITO;127
Vereador;250002390444;30004;LEILA APARECIDA TROFINO;30;NOVO;Partido Novo;SUPLENTE;126
Vereador;250002029368;77444;MARCIA LIMA LOMBARDI;77;SOLIDARIEDADE;Solidariedade;NÃO ELEITO;124
Vereador;250002351305;35444;ROBERIO DOS SANTOS BENEDITO;35;PMB;Partido da Mulher Brasileira;NÃO ELEITO;122
Vereador;250002173935;12021;SANDRA NAVAJAS;12;PDT;Partido Democrático Trabalhista;NÃO ELEITO;121
Vereador;250002174675;11234;RENATA DEL BIANCO RAISER;11;PP;PROGRESSISTAS;SUPLENTE;121
Vereador;250002161343;55176;ISABEL DE ALMEIDA VASCONCELLOS;55;PSD;Partido Social Democrático;SUPLENTE;120
Vereador;250002170976;28880;MARIA JOSE DE SOUSA DA SILVA;28;PRTB;Partido Renovador Trabalhista Brasileiro;NÃO ELEITO;120
Vereador;250002181675;45022;VANESSA ORSINI;45;PSDB;Partido da Social Democracia Brasileira;NÃO ELEITO;119
Vereador;250001933065;20130;JOSÉ ROBERTO BARBOSA;20;PODE;Podemos;SUPLENTE;118
Vereador;250002174664;11569;FRANCISCO MOISES FARIAS;11;PP;PROGRESSISTAS;SUPLENTE;118
Vereador;250002075173;25233;MAYRA PEIXOTO VIEIRA;25;PRD;Partido Renovação Democrática;NÃO ELEITO;117
Vereador;250001962509;15601;RENILDA BATISTA DOS ANJOS FERRARI;15;MDB;Movimento Democrático Brasileiro;SUPLENTE;116
Vereador;250002075167;25525;ANDRÉ LUIZ COSTA DE OLIVEIRA;25;PRD;Partido Renovação Democrática;NÃO ELEITO;113
Vereador;250002146923;70282;LEONARDO MAURÍCIO TUFIÑO BANZER;70;AVANTE;AVANTE;NÃO ELEITO;113
Vereador;250002146934;70370;FRANCISCA QUELINDEJARA VASCONCELOS SOBIESKI;70;AVANTE;AVANTE;NÃO ELEITO;113
Vereador;250002174658;11456;FERNANDO RAIMUNDO RODRIGUES DE SOUZA JUNIOR;11;PP;PROGRESSISTAS;SUPLENTE;113
Vereador;250001933050;20420;THIAGO AUGUSTO DA SILVA;20;PODE;Podemos;SUPLENTE;112
Vereador;250001933094;20210;LUANA ANTONIA TAKADA DA SILVEIRA;20;PODE;Podemos;SUPLENTE;112
Vereador;250002018909;33334;GISELE CASARIN DA SILVA;33;MOBILIZA;Mobilização Nacional;NÃO ELEITO;112
Vereador;250001913962;13120;RAFAEL DA ROCHA OLIVEIRA;13;PT;Partido dos Trabalhadores;SUPLENTE;108
Vereador;250001933087;20060;ALESSANDRA MARQUES MARTINS DA COSTA;20;PODE;Podemos;SUPLENTE;108
Vereador;250002181697;23123;DIMAS HELFENSTEIN NETO;23;CIDADANIA;Cidadania;NÃO ELEITO;108
Vereador;250002146881;70132;FABÍOLA TATCHER MARTINS RODA;70;AVANTE;AVANTE;NÃO ELEITO;107
Vereador;250002181664;45177;DANILO AQUINO ISRAEL DE SOUZA;45;PSDB;Partido da Social Democracia Brasileira;NÃO ELEITO;105
Vereador;250002146927;70300;VIVIAN GONÇALVES SANTOS MANTOAN;70;AVANTE;AVANTE;NÃO ELEITO;104
Vereador;250002161344;55025;MARISA BIERRENBACH BLANDY;55;PSD;Partido Social Democrático;SUPLENTE;104
Vereador;250002146905;70870;AILTON BATISTA VIRGULINO TEIXEIRA;70;AVANTE;AVANTE;NÃO ELEITO;103
Vereador;250002075163;25400;LENIR MARIA DE OLIVEIRA;25;PRD;Partido Renovação Democrática;NÃO ELEITO;100
Vereador;250002351312;35888;LUCIO JOSE ESCUDERO;35;PMB;Partido da Mulher Brasileira;NÃO ELEITO;100
Vereador;250002384627;27327;MARIA DAS GRAÇAS SANTANA;27;DC;Democracia Cristã;NÃO ELEITO;100
Vereador;250001913983;13991;CÂNDIDO PARREIRA DUARTE NETO;13;PT;Partido dos Trabalhadores;SUPLENTE;99
Vereador;250002079352;30330;JANIEIRE MARIA SILVA;30;NOVO;Partido Novo;SUPLENTE;99
Vereador;250002146885;70270;ANTÔNIO CONSTANTINO OLIVEIRA;70;AVANTE;AVANTE;NÃO ELEITO;99
Vereador;250002181690;45026;RENAN OLIVEIRA DE SOUZA E SILVA;45;PSDB;Partido da Social Democracia Brasileira;NÃO ELEITO;98
Vereador;250002357412;27190;MARIA CELESTE JUSTA;27;DC;Democracia Cristã;NÃO ELEITO;98
Vereador;250002075150;25155;MADALENA DE LAURA PEREIRA;25;PRD;Partido Renovação Democrática;NÃO ELEITO;96
Vereador;250002173926;12202;BIANCA JULIANA RODRIGUES DOS SANTOS;12;PDT;Partido Democrático Trabalhista;NÃO ELEITO;95
Vereador;250002173925;12112;GLAUCE KELLY DOS SANTOS ADAO LIMA;12;PDT;Partido Democrático Trabalhista;NÃO ELEITO;93
Vereador;250002357423;27019;EDEVALDO DA HORA DOS SANTOS;27;DC;Democracia Cristã;NÃO ELEITO;92
Vereador;250002079318;30237;ROGERIO ALVES;30;NOVO;Partido Novo;SUPLENTE;91
Vereador;250002181698;45088;JANE ALICE DOS SANTOS MAIRAO;45;PSDB;Partido da Social Democracia Brasileira;NÃO ELEITO;91
Vereador;250002018913;33777;ELIZANGELA MOREIRA SOARES DE SOUZA;33;MOBILIZA;Mobilização Nacional;NÃO ELEITO;89
Vereador;250002018916;33355;MARIA NEUMA VIANA SANTOS;33;MOBILIZA;Mobilização Nacional;NÃO ELEITO;89
Vereador;250002174671;11888;GILMARA VANZO CRISTAO;11;PP;PROGRESSISTAS;SUPLENTE;89
Vereador;250002181658;45745;ANNIE BOWER VISSICHIO;45;PSDB;Partido da Social Democracia Brasileira;NÃO ELEITO;87
Vereador;250002018928;33066;ROSANGELA AMARO MAGLIARELLI;33;MOBILIZA;Mobilização Nacional;NÃO ELEITO;82
Vereador;250002181666;45046;RENATA PACCOLA FRISCHKORN;45;PSDB;Partido da Social Democracia Brasileira;NÃO ELEITO;81
Vereador;250002075154;25193;JOÃO ROSARIO COSTA;25;PRD;Partido Renovação Democrática;NÃO ELEITO;80
Vereador;250002018942;33017;ANDERSON DO NASCIMENTO DUARTE;33;MOBILIZA;Mobilização Nacional;NÃO ELEITO;79
Vereador;250002029380;77771;SEBASTIÃO SERAFIM DE MOURA SOBRINHO;77;SOLIDARIEDADE;Solidariedade;NÃO ELEITO;79
Vereador;250002018905;33000;CAIO LYSIAS SPINA;33;MOBILIZA;Mobilização Nacional;NÃO ELEITO;78
Vereador;250002357425;27007;NATTAN FERREIRA DE LIMA;27;DC;Democracia Cristã;NÃO ELEITO;78
Vereador;250002161345;55077;SUSANA LAMBERT DE BRITO SILVA;55;PSD;Partido Social Democrático;SUPLENTE;77
Vereador;250002034127;40900;CARLOS ROBERTO DE ALMEIDA;40;PSB;Partido Socialista Brasileiro;SUPLENTE;76
Vereador;250002029393;77013;TELISVALDO OLIVEIRA RIOS;77;SOLIDARIEDADE;Solidariedade;NÃO ELEITO;75
Vereador;250002181668;45329;DANIEL CORDEIRO DA SILVA;45;PSDB;Partido da Social Democracia Brasileira;NÃO ELEITO;75
Vereador;250001881819;44600;JULIO CESAR DOMINGUES RODRIGUES;44;UNIÃO;União Brasil;SUPLENTE;74
Vereador;250002029362;77250;BRÍGIDA CAIRES DINARDI;77;SOLIDARIEDADE;Solidariedade;NÃO ELEITO;72
Vereador;250002173960;12100;JAIRO ANZILEIRO;12;PDT;Partido Democrático Trabalhista;NÃO ELEITO;72
Vereador;250002357438;27057;UBIRADILSON DA SILVA;27;DC;Democracia Cristã;NÃO ELEITO;72
Vereador;250002029404;77175;VITÓRIA MARIANO DA SILVA SOUZA;77;SOLIDARIEDADE;Solidariedade;NÃO ELEITO;71
Vereador;250002377227;45445;CLELIA DA COSTA MONTEIRO;45;PSDB;Partido da Social Democracia Brasileira;NÃO ELEITO;70
Vereador;250002079321;30930;NEIZA BATISTA DOS SANTOS;30;NOVO;Partido Novo;SUPLENTE;69
Vereador;250002079349;30021;MARIA JOSÉ ALEIXO;30;NOVO;Partido Novo;SUPLENTE;67
Vereador;250002146913;70470;ROSIMAR DA SILVA;70;AVANTE;AVANTE;NÃO ELEITO;67
Vereador;250002181678;45195;JOSE EDINALDO DA SILVA SOUZA;45;PSDB;Partido da Social Democracia Brasileira;NÃO ELEITO;67
Vereador;250002385428;35123;JACIARA DE JESUS ASSIS BRASIL;35;PMB;Partido da Mulher Brasileira;NÃO ELEITO;66
Vereador;250002029372;77547;MARLUCE DA CONCEIÇÃO;77;SOLIDARIEDADE;Solidariedade;NÃO ELEITO;63
Vereador;250002075136;25177;DENISE ALVES DE OLIVEIRA;25;PRD;Partido Renovação Democrática;NÃO ELEITO;63
Vereador;250002079346;30999;LUAN FRANÇA DE OLIVEIRA;30;NOVO;Partido Novo;SUPLENTE;63
Vereador;250002357422;27700;MARCIO FONTES DOS SANTOS;27;DC;Democracia Cristã;NÃO ELEITO;62
Vereador;250002363841;29999;STEFANIA DE ALMEIDA ROBUSTELLI;29;PCO;Partido da Causa Operária;NÃO ELEITO;62
Vereador;250002075169;25235;EDEN DOS SANTOS COSTA;25;PRD;Partido Renovação Democrática;NÃO ELEITO;61
Vereador;250002174682;11300;VINICIUS PETRONIO FERRAZ VIEIRA;11;PP;PROGRESSISTAS;SUPLENTE;60
Vereador;250002174663;11015;ELIENE SIQUEIRA RIBEIRO;11;PP;PROGRESSISTAS;SUPLENTE;59
Vereador;250002357410;27097;MARCOS VINICIUS DE CASTRO GODINHO;27;DC;Democracia Cristã;NÃO ELEITO;53
Vereador;250002363842;29111;MARIA ANGELA ABDUCH;29;PCO;Partido da Causa Operária;NÃO ELEITO;53
Vereador;250002357417;27044;ANTONIO EDUARDO ALTAVISTA;27;DC;Democracia Cristã;NÃO ELEITO;52
Vereador;250002018906;33888;ANDREIA KARINE FREDERICO;33;MOBILIZA;Mobilização Nacional;NÃO ELEITO;49
Vereador;250002029365;77333;ANGELA BARBOSA DOS SANTOS;77;SOLIDARIEDADE;Solidariedade;NÃO ELEITO;49
Vereador;250002357415;27224;ELISA VITORIA OLIVEIRA CABARITI;27;DC;Democracia Cristã;NÃO ELEITO;49
Vereador;250002018923;33122;MARIA APARECIDA DE SOUZA MARQUES;33;MOBILIZA;Mobilização Nacional;NÃO ELEITO;45
Vereador;250002173949;12102;MARCO ANTONIO FACCAS;12;PDT;Partido Democrático Trabalhista;NÃO ELEITO;44
Vereador;250002357414;27133;ANTONIO CARLOS SOARES FERREIRA;27;DC;Democracia Cristã;NÃO ELEITO;39
Vereador;250002357426;27127;JEFFERSON PEREIRA DA SILVA;27;DC;Democracia Cristã;NÃO ELEITO;37
Vereador;250002363848;29444;MÁRCIO ROBERTO OLIVEIRA;29;PCO;Partido da Causa Operária;NÃO ELEITO;37
Vereador;250002161327;55279;HARTMANN GONÇALVES LEÃO JUNIOR;55;PSD;Partido Social Democrático;SUPLENTE;33
Vereador;250002181673;45345;RONALDO MIGUEL GAMA;45;PSDB;Partido da Social Democracia Brasileira;NÃO ELEITO;32
Vereador;250001913971;13088;FILIPE PEREIRA SILVA;13;PT;Partido dos Trabalhadores;SUPLENTE;31
Vereador;250002363843;29777;DAOUD ZAPAROLI SAFADI;29;PCO;Partido da Causa Operária;NÃO ELEITO;30
Vereador;250002018922;33959;EDSON FLÁVIO SIRINO;33;MOBILIZA;Mobilização Nacional;NÃO ELEITO;29
Vereador;250002018926;33246;JORGILENE ALVES SILVA;33;MOBILIZA;Mobilização Nacional;NÃO ELEITO;27
Vereador;250002363850;29222;DAISY OLEINIK;29;PCO;Partido da Causa Operária;NÃO ELEITO;26
Vereador;250002146933;70670;REGINA MARIANO;70;AVANTE;AVANTE;NÃO ELEITO;25
Vereador;250002363845;29555;CARLOS AUGUSTO RODRIGUES;29;PCO;Partido da Causa Operária;NÃO ELEITO;25
Vereador;250002018903;33313;SIDNEY MELO DA SILVA;33;MOBILIZA;Mobilização Nacional;NÃO ELEITO;22
Vereador;250002357433;27027;MARIA TERESA SELBACH EYMAEL;27;DC;Democracia Cristã;NÃO ELEITO;20
Vereador;250002075135;25741;EDNA CHRISTINA SANTIAGO;25;PRD;Partido Renovação Democrática;NÃO ELEITO;18
Vereador;250002387081;11611;DORACI PEREIRA CHAVES;11;PP;PROGRESSISTAS;SUPLENTE;18
Vereador;250002181677;45945;VERA LUCIA TRAJANO ROCHA;45;PSDB;Partido da Social Democracia Brasileira;NÃO ELEITO;17
Vereador;250002075161;25380;SÔNIA DAS GRAÇAS RIBEIRO SILVEIRA;25;PRD;Partido Renovação Democrática;NÃO ELEITO;16
Vereador;250002357445;27015;PATRICIA KIYOMI TANI;27;DC;Democracia Cristã;NÃO ELEITO;15
Vereador;250002018933;33323;MARIO TADEU GUERRERA;33;MOBILIZA;Mobilização Nacional;NÃO ELEITO;10
Vereador;250002351307;35666;ROSILEI AMARAL;35;PMB;Partido da Mulher Brasileira;NÃO ELEITO;10
Vereador;250002363844;29888;MAURO AUGUSTO DE SOUZA;29;PCO;Partido da Causa Operária;NÃO ELEITO;10
Vereador;250002357447;27827;MARISTELA MACHADO LEITE GOMES;27;DC;Democracia Cristã;NÃO ELEITO;9
Vereador;250002363849;29333;JULIANDRA DAPOR AGRADANO;29;PCO;Partido da Causa Operária;NÃO ELEITO;9
Vereador;250002363847;29666;LUCIO DE SOUZA JÚNIOR;29;PCO;Partido da Causa Operária;NÃO ELEITO;8
Vereador;250002379012;11211;ANDRE DE ALMEIDA POLONCA;11;PP;PROGRESSISTAS;SUPLENTE;8
Vereador;250002351309;35333;EDIVALDO NUNES CORDEIRO;35;PMB;Partido da Mulher Brasileira;NÃO ELEITO;6
Vereador;250002351304;35553;ENEAS SILVA FERREIRA SALES;35;PMB;Partido da Mulher Brasileira;NÃO ELEITO;1
Vereador;250002357429;27599;APARECIDA SANTIAGO DE ARAUJO;27;DC;Democracia Cristã;NÃO ELEITO;1
Vereador;250002357441;27087;PAULO ROGÉRIO DE SOUZA FALCIROLLI;27;DC;Democracia Cristã;NÃO ELEITO;1
Vereador;250001933058;20400;CAMILO CRISTOFARO MARTINS JÚNIOR;20;PODE;Podemos;NÃO ELEITO;0
Vereador;250001977608;10369;DIEGO DOS REIS SILVA;10;REPUBLICANOS;REPUBLICANOS;NÃO ELEITO;0
Vereador;250002018918;33008;PAULO CAINE DOS SANTOS SILVA;33;MOBILIZA;Mobilização Nacional;NÃO ELEITO;0
Vereador;250002018932;33153;MARCO ANTONIO DA SILVA;33;MOBILIZA;Mobilização Nacional;NÃO ELEITO;0
Vereador;250002029353;77014;CARLOS ANDRE FURTADO;77;SOLIDARIEDADE;Solidariedade;NÃO ELEITO;0
Vereador;250002029373;77212;JOSÉ SÉRGIO SOARES FERNANDES CAETANO;77;SOLIDARIEDADE;Solidariedade;NÃO ELEITO;0
Vereador;250002029403;77352;GERSON DA CUNHA;77;SOLIDARIEDADE;Solidariedade;NÃO ELEITO;0
Vereador;250002034125;40121;ALMIRANDO FERREIRA DO NASCIMENTO;40;PSB;Partido Socialista Brasileiro;NÃO ELEITO;0
Vereador;250002052104;50088;EMERSON RAMAYANA NOVAES SILVA DE ARAÚJO;50;PSOL;Partido Socialismo e Liberdade;NÃO ELEITO;0
Vereador;250002146892;70200;ROGÉRIO SILVA LOPES;70;AVANTE;AVANTE;NÃO ELEITO;0
Vereador;250002181669;45123;APARECIDO BESERRA MONTEIRO;45;PSDB;Partido da Social Democracia Brasileira;NÃO ELEITO;0
Vereador;250002181694;45145;GISELE DA SILVA;45;PSDB;Partido da Social Democracia Brasileira;NÃO ELEITO;0
Vereador;250002351306;35555;RODRIGO FAZITO ZIOLLI CALDERARO GIACOMINI;35;PMB;Partido da Mulher Brasileira;NÃO ELEITO;0
Vereador;250002357413;27277;CESAR FERREIRA LONGARES;27;DC;Democracia Cristã;NÃO ELEITO;0
Vereador;250002357439;27600;VAGNER COELHO DO NASCIMENTO;27;DC;Democracia Cristã;NÃO ELEITO;0
Vereador;250002371348;36781;VERA LÚCIA SANTOS DE FRANÇA;36;AGIR;AGIR;NÃO ELEITO;0
Vereador;250002379011;11522;ALZIRA CANDIDA DE SOUZA;11;PP;PROGRESSISTAS;NÃO ELEITO;0
